name,x,y,z,id,pagerank,cluster_id,parent_id,parent_name
edm,-18.697685,2.88545,-4.225773,2193,0.003860223,0,2193,edm
electro house,-18.951916,2.6354563,-4.737275,3598,0.003308307,0,2193,edm
tropical house,-18.881994,4.6585145,-2.71923,3388,0.002499435,0,2193,edm
europop,-13.406145,6.358226999999999,3.8717375,2758,0.0019403789999999999,0,2193,edm
progressive house,-16.134228,5.045137,-4.4142804,3224,0.0018528020000000002,0,2193,edm
pop edm,-18.793194,3.6097562000000005,-3.6773205,3013,0.001765464,0,2193,edm
big room,-18.213402,4.409057,-4.7174062999999995,1495,0.001669822,0,2193,edm
progressive electro house,-18.40861,4.3112593,-5.1820416,575,0.001347391,0,2193,edm
brostep,-19.540304000000003,1.3637801,-5.731321,2779,0.001199635,0,2193,edm
deep big room,-19.029638000000002,4.7465134,-5.1585846,484,0.001168515,0,2193,edm
electronic trap,-18.683615,0.9420941999999999,-5.9409410000000005,3205,0.001128606,0,2193,edm
norwegian pop,-21.325876,7.388818700000001,1.6830726000000003,1812,0.000995344,0,2193,edm
eurodance,-14.004366000000001,5.737882599999999,3.0671362999999996,3592,0.000844351,0,2193,edm
danish pop,-18.391125,10.816417,-0.95889115,3504,0.000835934,0,2193,edm
bass trap,-17.582617000000003,0.40745243,-7.3311768,3355,0.000800519,0,2193,edm
vapor twitch,-17.91978,-0.47256149999999997,-5.4457335,3680,0.000764841,0,2193,edm
bubblegum dance,-13.990429999999998,5.7532225,3.1909034,1031,0.0007647180000000001,0,2193,edm
catstep,-21.117704,1.5605011,-4.0182176,1923,0.000757283,0,2193,edm
trance,-14.73078,5.133743,-4.160997,1797,0.000755389,0,2193,edm
uplifting trance,-14.841225,5.617275,-4.492996,282,0.000678385,0,2193,edm
deep tropical house,-19.065619,5.461354,-2.3011925,1019,0.000642117,0,2193,edm
progressive trance,-14.880764000000001,5.7294792999999995,-3.9829082000000002,2238,0.00059664,0,2193,edm
complextro,-20.934551000000003,1.3792573000000001,-4.839422,2464,0.000544846,0,2193,edm
rawstyle,-22.880901,9.526273,-6.587894400000001,908,0.000536508,0,2193,edm
hardcore techno,-22.827795000000002,11.561356,-7.714856599999999,3330,0.000502117,0,2193,edm
gaming edm,-20.202925,1.0775898000000002,-4.1073294,3348,0.000486266,0,2193,edm
sky room,-18.956997,5.1156735,-6.123744,811,0.00048618,0,2193,edm
norwegian indie,-21.70605,8.512343,1.7516011999999999,1906,0.00046702099999999997,0,2193,edm
danish hip hop,-17.795307,11.513847,-1.3616792,1212,0.00045348,0,2193,edm
zapstep,-20.278059,0.686448,-6.2656064,1909,0.000447897,0,2193,edm
happy hardcore,-23.14365,10.990993,-6.5537456999999995,3500,0.000433313,0,2193,edm
chillstep,-21.271347,0.5683989,-4.3896856,694,0.00042036,0,2193,edm
classic danish pop,-17.53879,12.120714,-0.8809038,1310,0.000385204,0,2193,edm
hardstyle,-22.570038,8.944996000000002,-6.828034,1421,0.000374194,0,2193,edm
traprun,-17.310871,0.36663684,-7.5692105,413,0.00033756,0,2193,edm
filthstep,-20.520882,0.60799026,-5.386922,829,0.00033712900000000003,0,2193,edm
euphoric hardstyle,-22.985252,8.723687,-6.397258,2489,0.00033251099999999996,0,2193,edm
uptempo hardcore,-23.55755,9.821083999999999,-7.374448299999999,183,0.00032960000000000004,0,2193,edm
canadian electronic,-19.573572,0.002427672,-5.0065230000000005,973,0.000313008,0,2193,edm
hands up,-14.969263,4.6086373,2.5929651000000002,1823,0.000295101,0,2193,edm
melodic dubstep,-20.528841,0.43607605,-3.9867246,2901,0.000274005,0,2193,edm
dutch edm,-18.235544,4.960980999999999,-6.654446000000001,2255,0.000262415,0,2193,edm
dutch house,-19.188795000000002,4.391815,-7.049148,1947,0.000254281,0,2193,edm
gabba,-23.91946,9.925286999999999,-7.990497,2117,0.00025330599999999996,0,2193,edm
norwegian pop rap,-20.789541,8.897339,1.3125021000000001,2364,0.000246984,0,2193,edm
belgian edm,-22.163057000000002,7.7869716,-6.691267,1104,0.0002108,0,2193,edm
progressive uplifting trance,-13.682891,6.257445,-3.4973300000000003,1382,0.00020799099999999998,0,2193,edm
danish pop rock,-17.539524,12.424218,-0.71460956,23,0.000204115,0,2193,edm
norwegian hip hop,-20.786436,9.029856,0.79991484,242,0.00019032,0,2193,edm
moombahton,-19.82986,3.1693417999999998,-7.5028543,3786,0.00018706,0,2193,edm
norwegian singer-songwriter,-21.774498,9.400742,1.3988435,801,0.000186419,0,2193,edm
dakke dak,-17.246064999999998,11.606494,-1.0088092,3216,0.00017240099999999998,0,2193,edm
danish electronic,-18.053114,10.916392,-2.410923,3096,0.00016907,0,2193,edm
melbourne bounce international,-20.641911999999998,6.771249000000001,-6.1288238,2258,0.000167498,0,2193,edm
future house,-18.26662,5.093984,-6.907603999999999,3174,0.000160672,0,2193,edm
russelater,-19.73484,8.50295,1.8540846000000002,348,0.00015021,0,2193,edm
frenchcore,-24.185843,9.314867999999999,-7.950701,123,0.000143979,0,2193,edm
melbourne bounce,-20.488844,6.598175,-6.1747093,1960,0.000140215,0,2193,edm
deep pop edm,-19.655289,7.717509,-0.6042224,1507,0.000140143,0,2193,edm
belgian pop,-15.187688,6.778245,0.73692054,3236,0.00012717,0,2193,edm
bouncy house,-24.425041,10.257688,-7.365546000000001,2126,0.000126373,0,2193,edm
welsh indie,-19.67397,7.5356746,-0.9804389000000001,1377,0.00012318,0,2193,edm
deathstep,-21.051077,0.09281311,-7.262136999999999,1615,0.00012205,0,2193,edm
scandipop,-19.319048000000002,9.795772,-0.36121255,2474,0.000121847,0,2193,edm
italo dance,-13.303946,6.307420700000001,0.8367933000000001,783,0.000104774,0,2193,edm
hip hop,2.1660457,13.799845999999999,-15.865332999999998,1214,0.003023618,1,1214,hip hop
finnish indie,3.155745,14.0855,-15.884332,2674,0.002979773,1,1214,hip hop
pop rap,3.6760309,15.241769,-15.834998,2294,0.002543899,1,1214,hip hop
indie soul,-5.0763354000000005,15.490244,-6.23399,2415,0.00213342,1,1214,hip hop
southern hip hop,4.0138110000000005,14.065460999999999,-15.612247,1283,0.0019559770000000002,1,1214,hip hop
minneapolis indie,4.413480799999999,13.446994,-15.344713,1056,0.001934709,1,1214,hip hop
gangster rap,3.4814076000000003,13.317279000000001,-16.55218,2814,0.001895027,1,1214,hip hop
escape room,-1.7899414,16.9671,-8.922314,3048,0.001600228,1,1214,hip hop
alternative r&b,-3.7420802,16.085562,-5.6933794,1148,0.0015296829999999998,1,1214,hip hop
indie r&b,-4.0615005,16.166824,-5.629347,1865,0.001454741,1,1214,hip hop
underground hip hop,4.969824299999999,9.818628,-12.819042999999999,2735,0.001409291,1,1214,hip hop
indie jazz,-5.691174,14.046942999999999,-6.9364724,1100,0.001170807,1,1214,hip hop
hardcore hip hop,0.84092814,13.463189000000002,-15.645007999999999,3577,0.001161487,1,1214,hip hop
alternative hip hop,-0.76612353,14.058356,-14.935835999999998,2602,0.001119156,1,1214,hip hop
disco,5.595386,14.441807,-14.861742999999999,1106,0.000916452,1,1214,hip hop
east coast hip hop,0.5741484,13.198098000000002,-15.073882000000001,1312,0.000868835,1,1214,hip hop
vapor trap,5.447833,10.466517999999999,-12.009025999999999,108,0.000789027,1,1214,hip hop
chillhop,-2.9296484,9.890667,-10.84613,562,0.000772817,1,1214,hip hop
turntablism,-1.3249941,12.828123,-15.849832000000001,2072,0.000676857,1,1214,hip hop
lo-fi beats,-2.7142262,9.495083000000001,-10.139856,126,0.0006592560000000001,1,1214,hip hop
atl hip hop,4.45147,14.452654999999998,-14.653326000000002,3411,0.00065188,1,1214,hip hop
conscious hip hop,0.9418118000000001,14.826599,-14.438382999999998,2922,0.000629247,1,1214,hip hop
dark trap,4.727109400000001,9.724374000000001,-11.253917999999999,1263,0.000473638,1,1214,hip hop
hyperpop,-1.734778,17.525856,-8.629286,2084,0.000435108,1,1214,hip hop
emo rap,4.740796,9.826454,-10.89551,2768,0.000428189,1,1214,hip hop
neo r&b,-4.437978299999999,14.491228,-6.522121,673,0.00042025900000000003,1,1214,hip hop
melodic rap,5.4018497000000005,11.463886,-12.287485,2987,0.00041640800000000006,1,1214,hip hop
canadian hip hop,3.339172,14.997020999999998,-6.5502515,360,0.00041570199999999994,1,1214,hip hop
jazz boom bap,-2.93927,10.347059,-11.34399,1193,0.00041326599999999997,1,1214,hip hop
trap soul,2.494349,15.216039000000002,-6.053106,1192,0.000399163,1,1214,hip hop
crunk,6.346518,15.003138,-14.380298999999999,543,0.000394343,1,1214,hip hop
post-hardcore,0.41550633,16.952341,-9.191169,1039,0.000389736,1,1214,hip hop
deep underground hip hop,5.029889,15.306251999999999,-6.618562,3136,0.000344468,1,1214,hip hop
old school hip hop,0.94846153,11.764864999999999,-14.884822,2543,0.000324974,1,1214,hip hop
uk contemporary r&b,-3.2163181,15.170857,-4.932154,1291,0.00031864700000000003,1,1214,hip hop
chicago rap,3.097283,16.980832999999997,-11.176965,73,0.000299033,1,1214,hip hop
indie pop rap,5.0899324,15.313495000000001,-6.6228867,2395,0.00027420099999999996,1,1214,hip hop
deep southern trap,6.3998555999999995,14.306181,-13.480487,502,0.000270302,1,1214,hip hop
miami hip hop,6.479133,12.091905,-10.5930395,2699,0.00026063599999999996,1,1214,hip hop
queens hip hop,0.58812577,12.65438,-13.456601999999998,2248,0.000247755,1,1214,hip hop
boom bap,-0.43764505,13.787388,-13.028992,2112,0.0002398,1,1214,hip hop
afrofuturism,-2.9180527,14.366937,-7.9915667,395,0.000229428,1,1214,hip hop
phonk,4.195046400000001,9.185734,-10.578691000000001,3128,0.00021107599999999998,1,1214,hip hop
toronto rap,3.4158242,14.628254,-6.9486623,1048,0.000208972,1,1214,hip hop
memphis hip hop,5.6446505,14.981303,-13.304015,1481,0.000203892,1,1214,hip hop
new jersey rap,0.70943004,13.081756,-12.54009,3513,0.000199019,1,1214,hip hop
houston rap,6.394753,15.428453,-12.9391775,996,0.00019544900000000002,1,1214,hip hop
jazz rap,-1.3598448,12.117925999999999,-13.13585,2009,0.00019251,1,1214,hip hop
abstract hip hop,-1.7601541,14.807602,-10.918557,2500,0.00019086,1,1214,hip hop
drill,3.4482405,16.819681,-10.881192,2405,0.00018688,1,1214,hip hop
atl trap,5.2588315,13.494307999999998,-12.671213,873,0.00018136400000000002,1,1214,hip hop
bronx hip hop,0.21299823,11.962565,-13.777379000000002,2376,0.000169199,1,1214,hip hop
harlem hip hop,1.3270241000000003,11.692308,-14.330322,1905,0.000168083,1,1214,hip hop
new orleans rap,6.4165134,14.470745,-12.118362,3813,0.00016433599999999998,1,1214,hip hop
detroit hip hop,1.1022443000000002,14.458994,-11.675263000000001,792,0.000157186,1,1214,hip hop
battle rap,1.7950741999999997,13.5235,-12.937959,1836,0.000149066,1,1214,hip hop
philly rap,1.9436303,13.027575,-12.716159,3537,0.000130507,1,1214,hip hop
japanese chillhop,-2.4000508999999997,9.596943,-9.239017,734,0.000127575,1,1214,hip hop
minnesota hip hop,-1.0776682,14.325616,-10.5904255,914,0.00011271399999999999,1,1214,hip hop
chicago drill,3.682936,16.613815,-10.674782,2927,0.00011263899999999999,1,1214,hip hop
nyc rap,1.4068508999999998,13.849607,-11.819977,781,0.000111502,1,1214,hip hop
bc underground hip hop,3.3172642999999997,13.464531,-7.242189,466,0.000111377,1,1214,hip hop
dmv rap,1.9163021,14.115085999999998,-10.047310000000001,3647,0.00010753399999999999,1,1214,hip hop
baton rouge rap,5.2817807,14.779471,-12.449563000000001,455,0.000107304,1,1214,hip hop
scream rap,4.336511,11.065097,-9.911708,322,0.00010464,1,1214,hip hop
nc hip hop,0.9840324,14.349847,-10.226557000000001,3754,0.00010203,1,1214,hip hop
abstract beats,-2.5861619,10.960376,-8.368849,2826,0.000101822,1,1214,hip hop
boston hip hop,-0.28148443,13.870346,-11.951889999999999,791,0.000101654,1,1214,hip hop
bounce,5.9944205,14.788625,-11.682899,3002,0.000101532,1,1214,hip hop
jazz,18.423513,-3.8659098,-6.10113,267,0.001659425,2,267,jazz
contemporary post-bop,18.156681,-4.571214,-6.8781548,2459,0.0015601010000000002,2,267,jazz
cool jazz,19.042536,-3.4405862999999997,-6.7763367,1233,0.001548099,2,267,jazz
bebop,18.454279999999997,-3.0174467999999997,-6.9939556,2752,0.001450422,2,267,jazz
jazz fusion,19.404245,-5.34689,-6.7586536,219,0.001381686,2,267,jazz
vocal jazz,18.954922,-1.805468,-4.5739884,2633,0.001381417,2,267,jazz
jazz funk,19.48799,-4.2123647,-8.7776,1648,0.0011801630000000001,2,267,jazz
lounge,18.030312,-1.1001996,-3.9713008000000003,1717,0.001165997,2,267,jazz
hard bop,17.854254,-3.7409922999999994,-7.2822766,2257,0.001043789,2,267,jazz
soul jazz,18.662933,-3.884262,-7.9680815,3346,0.0009994119999999999,2,267,jazz
big band,18.043055,-2.3041697,-6.2762150000000005,478,0.0008047589999999999,2,267,jazz
swing,18.015154000000003,-1.9792823,-5.1358347,169,0.000762671,2,267,jazz
stride,17.406681,-3.0128906000000004,-6.264418,2666,0.000684406,2,267,jazz
easy listening,16.962614000000002,-0.89527947,-4.093852500000001,1015,0.0006155980000000001,2,267,jazz
jazz saxophone,17.13653,-3.757268,-7.951535000000001,1075,0.000511731,2,267,jazz
jazz piano,17.933975,-2.2612183,-8.109562,1506,0.000487466,2,267,jazz
free jazz,16.953266,-4.928228400000001,-7.1326985,2336,0.000478674,2,267,jazz
jazz trumpet,16.76534,-2.5340664,-8.684508000000001,891,0.000451605,2,267,jazz
french jazz,14.873351999999999,-3.5316896,-9.788604,2414,0.000262769,2,267,jazz
jazz trio,15.787149,-3.3399117,-7.3293734,3791,0.00024355099999999997,2,267,jazz
jazz blues,18.022133,2.1333794999999998,-6.2177305,2355,0.000232455,2,267,jazz
contemporary vocal jazz,15.470335,-1.2208245,-5.0542135,3182,0.00021202599999999998,2,267,jazz
torch song,16.304823000000003,-0.8716155000000001,-4.905162000000001,1162,0.000210117,2,267,jazz
rock,18.676035,4.62332,7.115117999999999,2019,0.006100348,3,2019,rock
indie rock,4.51484,16.811047,7.63178,666,0.004934892,3,2019,rock
indie pop,0.10322892,19.181355,4.55293,627,0.004432276,3,2019,rock
modern rock,-3.297775,14.962842000000002,8.949147,2619,0.004200674000000001,3,2019,rock
indietronica,-1.9797584,18.982592,4.636241,1225,0.004178575,3,2019,rock
indie folk,7.6301627000000005,15.143339000000001,3.5775216,1127,0.003825517,3,2019,rock
alternative rock,6.0327983,17.354708,11.609193,2626,0.0037763090000000003,3,2019,rock
art pop,3.440403,19.758952999999998,7.124244999999999,1640,0.003633129,3,2019,rock
chamber pop,7.205041400000001,15.959638,4.4032707,1987,0.003614782,3,2019,rock
folk rock,17.179966,5.6762046999999995,3.160541,11,0.00330355,3,2019,rock
metal,12.817802,-0.9780015999999999,15.179784,1883,0.0031875270000000003,3,2019,rock
electropop,-3.2358312999999996,18.38327,4.1130996,1091,0.0031737320000000003,3,2019,rock
alternative metal,12.524234,0.7144732,18.542261,752,0.003088387,3,2019,rock
mellow gold,17.247770000000003,4.7764854,3.688217,2065,0.00302177,3,2019,rock
art rock,16.499762,6.8452053,8.426109,1350,0.0029811209999999998,3,2019,rock
classic rock,17.54992,5.4201635999999995,5.712680000000001,2588,0.002940554,3,2019,rock
country rock,16.909912,7.153288400000001,3.8450568,667,0.0028445109999999997,3,2019,rock
freak folk,5.3474827000000005,17.897089,6.9635754,654,0.0028011729999999997,3,2019,rock
album rock,17.706573000000002,4.3100046999999995,6.3087615999999995,3160,0.002791371,3,2019,rock
stomp and holler,7.532769,14.823714,3.3936013999999997,1734,0.002710438,3,2019,rock
pop rock,8.512948,5.010697,2.8385866,2896,0.002699226,3,2019,rock
soft rock,17.311047,4.2855096,3.5630007000000004,2623,0.002695287,3,2019,rock
roots rock,16.145220000000002,7.93832,3.6681190000000004,446,0.0026857659999999996,3,2019,rock
hard rock,18.159561,3.3645508,6.868263000000001,2425,0.002672755,3,2019,rock
noise pop,5.117164,17.841934,8.625964999999999,372,0.002593991,3,2019,rock
dance rock,14.736994000000001,10.743277,11.116016,2683,0.0025762289999999998,3,2019,rock
garage rock,5.7383604,17.645001999999998,12.828682,3241,0.002568729,3,2019,rock
folk,15.860195000000001,7.744475,2.6340253,1344,0.002453721,3,2019,rock
dream pop,4.806375,18.638994,8.258647,390,0.00235514,3,2019,rock
groove metal,12.450313000000001,-0.21722642,17.004667,2109,0.002289941,3,2019,rock
post-grunge,12.148674,0.54247653,19.441315,2380,0.002210145,3,2019,rock
small room,12.703519,1.0748271,18.660269,1045,0.00217061,3,2019,rock
new rave,-0.7238017,19.038261,7.4731765,918,0.002163528,3,2019,rock
new americana,8.6616,13.916185,2.311974,151,0.00208561,3,2019,rock
indie poptimism,-4.2805753,17.709541,3.6725101,962,0.002040293,3,2019,rock
new wave pop,15.362964000000002,11.12979,12.187345,3453,0.002026103,3,2019,rock
modern alternative rock,-3.3421662000000003,14.860979,8.939333999999999,2942,0.00200239,3,2019,rock
dance-punk,-0.5788625,19.070349,8.077369000000001,1109,0.001967324,3,2019,rock
new wave,14.417421,11.142752999999999,11.2697,1755,0.001957576,3,2019,rock
experimental pop,3.101566,19.231279999999998,6.949585400000001,1827,0.001944041,3,2019,rock
blues rock,18.686716,6.1681066,5.7188263,785,0.001937098,3,2019,rock
punk,7.5442834,8.34406,14.684733,3153,0.0019348820000000002,3,2019,rock
lo-fi,5.9074764,17.15663,8.912409,3610,0.001855342,3,2019,rock
neo mellow,7.1899204,4.4524007,1.9939523000000001,75,0.001753756,3,2019,rock
melodic metalcore,2.958199,5.2563767,19.688871,19,0.001715674,3,2019,rock
metalcore,2.8456943,5.4237127,19.641165,2958,0.0016922179999999999,3,2019,rock
traditional folk,15.658266000000001,8.367469999999999,2.6076422000000004,482,0.001683729,3,2019,rock
power metal,12.456019,-2.0402691,13.635664000000002,3347,0.001663553,3,2019,rock
speed metal,12.078562,-0.87999475,14.5550165,2124,0.001648474,3,2019,rock
progressive metal,12.933736,-1.191656,13.352026,3237,0.0016186929999999998,3,2019,rock
pop punk,0.7571886999999999,9.983056,14.464267000000001,2097,0.001609065,3,2019,rock
psychedelic rock,16.780279999999998,6.308764,6.9064145,3250,0.001568172,3,2019,rock
chamber psych,4.0531440000000005,19.224293,6.668283,2564,0.0015055029999999998,3,2019,rock
slow core,6.346076999999999,17.657026000000002,7.849603699999999,827,0.001491806,3,2019,rock
vapor soul,-3.9287186000000003,18.394545,2.6637952,1550,0.001471031,3,2019,rock
new romantic,14.761760999999998,11.502038,12.068292999999999,3443,0.001414678,3,2019,rock
experimental rock,6.612791499999999,19.123976000000003,9.282289,2302,0.001367884,3,2019,rock
death metal,10.776014,-1.6607151000000002,16.073942000000002,2246,0.001357938,3,2019,rock
nu gaze,3.6034636,18.085169,8.19281,1008,0.0013145820000000001,3,2019,rock
singer-songwriter,15.017787,8.012364,2.9352734000000003,2968,0.001293469,3,2019,rock
shimmer pop,-0.91814077,18.638702,4.581228,928,0.001249654,3,2019,rock
rap rock,13.632814000000002,1.621073,19.47514,1177,0.001224122,3,2019,rock
alternative country,14.887163000000001,9.36234,2.7208776,764,0.001177013,3,2019,rock
post-punk,12.887798,10.172127,10.386892,3644,0.001167863,3,2019,rock
emo,2.1875541000000003,10.669689,14.308703,1524,0.00116178,3,2019,rock
indiecoustica,5.9318523,3.6247602,1.5133743,2829,0.001125982,3,2019,rock
anti-folk,6.412897599999999,16.23612,8.558463,2859,0.001102513,3,2019,rock
permanent wave,15.0336685,10.305046,9.646581,2800,0.001073929,3,2019,rock
melancholia,7.332248700000001,17.321762,7.2633424,1758,0.0010632880000000001,3,2019,rock
classic uk pop,17.351871,4.1741576,2.1409624,3561,0.001057086,3,2019,rock
screamo,2.5607214,9.675061999999999,16.238979999999998,2108,0.001055707,3,2019,rock
tone,6.9531149999999995,19.503232999999998,9.377726,1390,0.001045422,3,2019,rock
deep new americana,8.057573,13.541594,2.57386,633,0.001025391,3,2019,rock
rock-and-roll,17.441177,3.0775712000000004,-1.3199358,1260,0.001005643,3,2019,rock
metropopolis,-2.257215,17.479124,4.6522393,2287,0.000993151,3,2019,rock
trap queen,3.0917652,9.9843855,16.306461,1038,0.0009847319999999999,3,2019,rock
industrial metal,13.395488,2.7978985,18.375374,155,0.000968386,3,2019,rock
neo classical metal,12.507592,-1.3820611999999999,12.637896000000001,3473,0.000953438,3,2019,rock
skate punk,6.1995726,8.547715,13.887552,237,0.000950797,3,2019,rock
neo-psychedelic,3.6897987999999997,18.241954999999997,3.7776842000000004,985,0.000932585,3,2019,rock
bubblegum pop,17.588915,3.3631477,-0.07526187599999999,2478,0.00093253,3,2019,rock
industrial rock,13.690484,3.9244988,17.766296,2997,0.000912921,3,2019,rock
melodic death metal,9.860242,-3.633657,15.419728,298,0.000909255,3,2019,rock
power pop,14.720995000000002,8.958418,9.194734,1446,0.0008897730000000001,3,2019,rock
lilith,9.786154,6.776260000000001,3.2153650000000003,2948,0.0008590439999999999,3,2019,rock
indie garage rock,3.6698377,18.411238,3.0517847999999996,994,0.000857465,3,2019,rock
jam band,10.352847,12.819785000000001,0.52224946,1740,0.000838208,3,2019,rock
acoustic pop,6.3393764,4.0128010000000005,1.6567113000000002,936,0.000824886,3,2019,rock
indie punk,3.9013577000000006,12.307801,12.783308,3190,0.0008223519999999999,3,2019,rock
indie anthem-folk,4.304213,6.83334,1.9241571,2521,0.000820577,3,2019,rock
noise rock,5.617662999999999,17.426,10.0400095,2513,0.000811019,3,2019,rock
post-screamo,1.8752936999999998,6.6789412,18.336782,3418,0.000807552,3,2019,rock
electric blues,19.780260000000002,6.890169599999999,5.257975,2615,0.000799668,3,2019,rock
modern blues rock,20.433119,8.698091,6.3185142999999995,2656,0.000796268,3,2019,rock
melodic hardcore,5.390353,8.857163,14.667384,3751,0.00078004,3,2019,rock
melodic metal,11.956610000000001,-2.3063032999999997,12.911988000000001,3750,0.000776459,3,2019,rock
viking metal,9.103085499999999,-4.3736343,14.908645000000002,2930,0.000772674,3,2019,rock
symphonic rock,15.999603,3.9486175,8.049009,1270,0.000767404,3,2019,rock
thrash metal,11.251095,-0.41017485,14.965760000000001,3206,0.000766737,3,2019,rock
indie electropop,-4.1681094,17.753168,2.5386412,332,0.0007652389999999999,3,2019,rock
heartland rock,16.14702,6.287569,4.5215034,2894,0.000762103,3,2019,rock
alternative emo,2.6521564,10.933525999999999,12.907634,1981,0.000744822,3,2019,rock
progressive bluegrass,9.135174000000001,12.42417,0.26378033,3399,0.000744683,3,2019,rock
canadian indie,9.118791,12.041758999999999,5.97452,2561,0.000742277,3,2019,rock
stoner rock,7.7956905,1.9708129,20.419147,412,0.0007276930000000001,3,2019,rock
celtic,6.1546392,5.4436480000000005,7.967082,1138,0.000720123,3,2019,rock
punk blues,5.7103167,17.688523999999997,13.093739999999999,3815,0.000717183,3,2019,rock
deathcore,3.1907064999999997,3.9955997,18.348804,471,0.00070345,3,2019,rock
blues,20.181504999999998,7.040864,4.6417108,2957,0.000703142,3,2019,rock
synthpop,14.148641,11.437562,12.411869,6,0.000699702,3,2019,rock
gothic metal,11.807709,-4.4617543,13.612023,1680,0.0006973839999999999,3,2019,rock
shoegaze,4.610086,18.216545,9.379031,2228,0.000694233,3,2019,rock
britpop,10.736546,13.128103,11.090456,3138,0.000687714,3,2019,rock
protopunk,15.557166,7.512633,8.120363000000001,3597,0.000682535,3,2019,rock
modern blues,19.951926999999998,7.7412806,5.511985299999999,1051,0.000638342,3,2019,rock
stoner metal,7.655892999999999,2.0796368000000003,19.98666,2502,0.000623681,3,2019,rock
german metal,6.938788000000001,-4.171457,14.979281,327,0.0006232480000000001,3,2019,rock
rockabilly,16.831888,3.404218,-1.4895622,3327,0.000614971,3,2019,rock
glam metal,11.927947,3.6079392,13.131062,570,0.000609727,3,2019,rock
sludge metal,6.8932595,2.055291,19.935791000000002,3144,0.000596708,3,2019,rock
symphonic metal,11.815463000000001,-4.2432099999999995,12.776939,637,0.000596435,3,2019,rock
ska punk,6.5586839999999995,8.893979,13.476476000000002,1288,0.0005887980000000001,3,2019,rock
irish folk,5.956214,5.5918155,8.003973,3762,0.00058341,3,2019,rock
old school thrash,11.021673,-0.19565594,14.931756,972,0.000582873,3,2019,rock
neon pop punk,-0.20248176,9.525917,13.8079195,1111,0.000576991,3,2019,rock
djent,4.0177307,3.2549083,19.044538,3612,0.00057221,3,2019,rock
piano rock,8.741311,5.178256,2.968571,1347,0.0005607019999999999,3,2019,rock
pixie,-0.39422897,8.685956,14.571568,3772,0.000554999,3,2019,rock
comedy,2.9799835999999997,-1.3634641,9.163091,1520,0.000554724,3,2019,rock
folk metal,7.9379277,-4.650833,14.739719000000001,2577,0.0005454559999999999,3,2019,rock
celtic rock,6.778374,5.668612,9.258984,1169,0.0005413659999999999,3,2019,rock
anthem emo,2.2906067,10.122626,12.584617999999999,2058,0.00053811,3,2019,rock
bluegrass,8.890226,12.153044,-0.07106071,1183,0.000537637,3,2019,rock
progressive rock,15.718997,3.6954214999999997,8.206501,1756,0.000537041,3,2019,rock
folk-pop,5.2420297,6.0378375,1.6508485000000002,2566,0.000529411,3,2019,rock
pop emo,-0.087032825,9.05175,14.260101,1132,0.000522176,3,2019,rock
gothic symphonic metal,11.567305000000001,-4.4695883,12.83038,1383,0.000514505,3,2019,rock
neue deutsche harte,6.125199299999999,-5.460384400000001,14.716678,1229,0.0005139480000000001,3,2019,rock
pub rock,14.926739999999999,7.9812965,8.528169,2780,0.000509364,3,2019,rock
hardcore punk,7.4213786,7.710157000000001,14.175828,836,0.000501415,3,2019,rock
english indie rock,-3.5192339999999995,12.0843115,8.452872,903,0.000499956,3,2019,rock
rap metal,13.045816,2.052454,19.390705,1219,0.000498601,3,2019,rock
neo-synthpop,-1.5709828000000001,17.091719,5.6666517,32,0.000491985,3,2019,rock
swedish metal,10.1279,-2.959772,16.170177,2393,0.000489584,3,2019,rock
slayer,12.537609,-5.1501584000000005,13.258061999999999,997,0.000487935,3,2019,rock
alternative pop,6.4878907,15.892742000000002,10.493018,1553,0.000482765,3,2019,rock
post-metal,6.1230483,2.260859,19.600285999999997,1753,0.00048173300000000003,3,2019,rock
merseybeat,16.805229999999998,3.3863342000000003,-0.017269913,3251,0.000472795,3,2019,rock
baroque pop,4.949919,15.846651000000001,6.798207799999999,808,0.000465666,3,2019,rock
medieval folk,5.3106894,-6.9530573,12.721731,326,0.000455501,3,2019,rock
grunge,10.884814,2.2070522,19.94556,983,0.000436604,3,2019,rock
british blues,17.858439999999998,6.446553700000001,6.15372,3733,0.000431055,3,2019,rock
industrial,13.781495999999999,4.2489724,17.596579000000002,2035,0.000429805,3,2019,rock
southern rock,17.827147,6.85928,5.091181,1526,0.000420756,3,2019,rock
jangle pop,14.468623000000001,9.242602,9.409355,823,0.000416937,3,2019,rock
funk metal,12.103261,2.126862,20.023638000000002,2714,0.000415945,3,2019,rock
canadian rock,10.953349000000001,10.934901,6.402297,3277,0.000413422,3,2019,rock
yacht rock,16.522370000000002,3.813704,3.7365193,3562,0.000411101,3,2019,rock
finnish metal,10.484182,-5.0829115,15.54901,392,0.000396088,3,2019,rock
uk post-punk,12.099260000000001,10.422806,10.895187,729,0.000395511,3,2019,rock
canadian singer-songwriter,9.925372,8.546097999999999,3.7326542999999996,2705,0.00039541099999999997,3,2019,rock
traditional blues,20.941185,6.9118566999999995,4.241167,357,0.000394884,3,2019,rock
dreamo,2.0604587,11.086227000000001,14.960914,506,0.000394817,3,2019,rock
la indie,0.3552861,18.078526999999998,3.8384671000000004,2794,0.000383625,3,2019,rock
british invasion,16.838326000000002,3.5856023,0.88543224,3527,0.00038121199999999997,3,2019,rock
glam rock,15.074573000000001,6.996248,7.8061166,98,0.000379728,3,2019,rock
hopebeat,-4.208361,15.19597,3.4469106,3445,0.00037306800000000005,3,2019,rock
gymcore,1.781577,6.706434,18.104895000000003,1973,0.00037202599999999996,3,2019,rock
brooklyn indie,0.46095988,17.998116,4.109207,1503,0.00037169300000000003,3,2019,rock
canadian metal,9.974212,-0.46637723,16.868351,3732,0.00037113,3,2019,rock
zolo,12.456332000000002,9.043799,11.274402,2023,0.000352864,3,2019,rock
doo-wop,16.43279,3.508325,-2.4725928,3545,0.00035217099999999997,3,2019,rock
indie surf,2.7499518,17.71721,3.3730595,12,0.00034548,3,2019,rock
modern folk rock,7.0400906,13.306907999999998,3.1448708,2711,0.000341975,3,2019,rock
mathcore,5.0629935,2.818336,19.172127,2439,0.000341135,3,2019,rock
folk punk,6.745325,9.076992,11.164649,1455,0.00033945300000000003,3,2019,rock
modern hard rock,-3.0034585,8.486111,5.568878,2967,0.00033718,3,2019,rock
kiwi rock,-1.3977343,7.0704613,-0.9044610000000001,1397,0.000323796,3,2019,rock
funk rock,12.007095,2.8230507,21.314434,397,0.000321971,3,2019,rock
philly indie,3.0963879,11.947225999999999,12.2025585,1649,0.00032140099999999997,3,2019,rock
banjo,8.573893,11.913665,-0.25064200000000003,3248,0.000320594,3,2019,rock
instrumental rock,13.995238,1.7490740000000002,9.694464,3253,0.000312981,3,2019,rock
medieval rock,6.330604,-5.918236,14.4021,3600,0.000311037,3,2019,rock
trancecore,0.39683998,4.3070674,17.703451,2688,0.000309147,3,2019,rock
neoclassical,4.3354163,-7.4697843,11.997571,602,0.000308936,3,2019,rock
comic metal,6.07883,-2.528754,11.877317999999999,3615,0.00030110200000000003,3,2019,rock
canadian folk,9.438369,8.786952000000001,3.624309,3269,0.000294867,3,2019,rock
modern dream pop,1.4425606000000002,16.51641,5.472107,3798,0.000287411,3,2019,rock
swedish death metal,9.671491,-2.6543360000000003,16.490757000000002,1761,0.000283053,3,2019,rock
classic canadian rock,15.487205,5.5914125,5.0056005,630,0.00027964200000000003,3,2019,rock
christian metal,3.4238086,5.824465,17.056904,1855,0.000278301,3,2019,rock
rune folk,4.971508999999999,-7.562263000000001,13.525018,3487,0.00027741,3,2019,rock
nyc pop,-4.603832,16.355729999999998,1.8073379,2132,0.000255515,3,2019,rock
la pop,-4.5247264000000005,16.741018,2.0563164,1222,0.000248766,3,2019,rock
nz pop,-0.1433759,8.992855,-0.16005269,2198,0.000246812,3,2019,rock
hurdy-gurdy,6.00239,-6.668783,13.625257999999999,3354,0.000244725,3,2019,rock
british singer-songwriter,4.1577435,7.825183999999999,2.5383303,3074,0.000244578,3,2019,rock
scottish rock,10.579863000000001,13.385951,11.845552,1533,0.000242997,3,2019,rock
twee pop,8.320285,14.769635999999998,10.479492,2962,0.000242345,3,2019,rock
new jersey indie,2.9799376,12.604288,11.766598,2184,0.000242098,3,2019,rock
vapor pop,-3.2425094,15.978659,1.7975970000000001,2736,0.00023762900000000002,3,2019,rock
grave wave,0.33107954,15.950295,5.4274383,1076,0.000236231,3,2019,rock
art punk,12.309811,9.378939,11.2167015,3460,0.000229542,3,2019,rock
madchester,11.32788,11.901133999999999,10.798464,2873,0.000228439,3,2019,rock
nu metal,3.6312692,12.224309,10.784907,1046,0.00022455400000000002,3,2019,rock
irish singer-songwriter,3.3693828999999997,6.949339,4.309053400000001,2461,0.00022255,3,2019,rock
canadian punk,4.5027456,8.447327,12.923749,1205,0.000220493,3,2019,rock
progressive metalcore,3.235994,3.707504,17.316154,81,0.000215045,3,2019,rock
viking folk,4.5518904000000004,-7.9120425999999995,13.612875,2834,0.00021499,3,2019,rock
wrestling,14.453889000000002,1.5405364,20.012686,3713,0.00021297900000000002,3,2019,rock
new weird america,5.050048,16.408882000000002,5.5331154,3151,0.00020994400000000002,3,2019,rock
irish rock,2.9991138,7.3319883,4.5541553,1069,0.000206535,3,2019,rock
shiver pop,-1.6738958,15.516428,1.901257,2494,0.00020554599999999997,3,2019,rock
modern power pop,5.868426,14.354017,9.694991,2239,0.000200503,3,2019,rock
boston rock,8.700641000000001,7.888412,11.391603,797,0.00019847900000000002,3,2019,rock
italian metal,11.765774,-3.9247665,11.599148,1663,0.000197766,3,2019,rock
cosmic american,14.496638,6.673883,3.2307086,1872,0.00019632799999999998,3,2019,rock
shred,13.385004,1.259888,10.28923,720,0.00019334299999999998,3,2019,rock
british folk,13.363401999999999,6.562187700000001,2.924048,1863,0.000192678,3,2019,rock
nu-metalcore,2.3974671,4.7868977,17.406696,1435,0.00019058900000000001,3,2019,rock
sleaze rock,11.37589,3.9362473,12.695446,1593,0.00019027,3,2019,rock
easycore,1.9998947,8.850682,12.358796,2637,0.00018920599999999998,3,2019,rock
uk americana,5.861304799999999,8.196891,2.7306821,1417,0.00018610599999999998,3,2019,rock
vancouver indie,7.017351,12.924514,6.1891823,574,0.000184823,3,2019,rock
gothenburg metal,9.49502,-2.410964,16.38274,3104,0.000184615,3,2019,rock
ambient folk,2.4759748,9.860379,0.8637719000000001,3766,0.000175324,3,2019,rock
brighton indie,-2.1265093999999998,12.738672,7.599703,1631,0.000174103,3,2019,rock
latin,0.8513909,-24.748352,-8.007052,318,0.004120565,4,318,latin
latin rock,-2.2393095,-30.785044,-3.001117,1985,0.004006355,4,318,latin
rock en espanol,-2.6152534,-30.043287,-2.2690474999999997,135,0.003996014,4,318,latin
latin alternative,-2.9663455,-30.406157,-3.2000515,3594,0.003582077,4,318,latin
tropical,1.0614097,-24.970627,-8.951937,1848,0.002917065,4,318,latin
latin pop,0.88114065,-23.66052,-6.853809399999999,52,0.00267066,4,318,latin
cantautor,1.2152041999999998,-22.90748,-0.912486,2818,0.001849929,4,318,latin
spanish pop,2.0881767,-22.373568,-4.341099,3215,0.001834602,4,318,latin
argentine rock,-3.9546964,-30.288158000000003,-1.6706478999999999,3493,0.001803529,4,318,latin
reggaeton,0.30560333,-26.100187,-8.812389999999999,1346,0.001662,4,318,latin
latin hip hop,-0.62591016,-27.943078999999997,-10.00124,1835,0.0016368029999999998,4,318,latin
nueva cancion,-10.16885,-24.182138000000002,-3.3019870000000004,2040,0.001549478,4,318,latin
rock nacional,-4.1694226,-29.629139000000002,-2.5210487999999995,1155,0.001294037,4,318,latin
mexican rock,-2.1147625,-28.80965,-4.5063252,3763,0.001250712,4,318,latin
canadian garage rock,-0.14947785,-25.982576,-9.4486685,1005,0.001064186,4,318,latin
mexican indie,-2.1524970000000003,-28.332140000000003,-4.9603980000000005,396,0.001050931,4,318,latin
salsa,-1.916409,-20.843557,-14.919313,2793,0.00099102,4,318,latin
latin arena pop,0.46942177,-22.922048999999998,-5.6996459999999995,2433,0.000925171,4,318,latin
chilean rock,-9.2197695,-24.82976,-4.259277,3686,0.000887063,4,318,latin
mexican pop,0.5102159,-23.010527,-5.8890514000000005,1363,0.0008382880000000001,4,318,latin
latin jazz,-2.3699658,-21.409187,-15.78149,2636,0.0007447889999999999,4,318,latin
spanish rock,-0.2785873,-22.624979999999997,-1.4543175,1036,0.0007343219999999999,4,318,latin
perreo,-1.6750741999999998,-27.521829999999998,-9.695618,756,0.000714792,4,318,latin
reggae en espanol,-8.281350999999999,-25.112589,-5.843985,1881,0.0006662430000000001,4,318,latin
pop reggaeton,-1.6750056,-19.970829000000002,-10.021757000000001,1599,0.000662469,4,318,latin
flamenco,-0.94690096,-18.963524,-1.9968737,1074,0.0006574010000000001,4,318,latin
spanish punk,-1.1590254,-25.18169,0.48550525,370,0.000647873,4,318,latin
chilean indie,-9.072664999999999,-25.28279,-4.435201,2134,0.000633016,4,318,latin
argentine indie,-6.3789096,-29.094568,-3.4941192,1357,0.0006239290000000001,4,318,latin
spanish indie pop,-0.35634583,-22.511866,-0.27504629999999997,2995,0.000617664,4,318,latin
trova,-9.221203,-23.098106,-3.4489746,2391,0.000601187,4,318,latin
rumba,-0.87353337,-18.843082,-1.954279,1809,0.000597374,4,318,latin
cumbia pop,-9.327411999999999,-29.173765000000003,-0.39653507,3,0.000583862,4,318,latin
dominican pop,1.5193416000000002,-24.501371,-12.186271000000001,148,0.00057614,4,318,latin
cuban rumba,-3.1579349999999997,-21.531319,-15.494632000000001,1794,0.000545145,4,318,latin
andean,-8.611482,-24.313616,-3.7011703999999996,3658,0.000530693,4,318,latin
latin metal,-1.1534256999999999,-27.332714000000003,0.540855,3646,0.0005160830000000001,4,318,latin
spanish new wave,-0.5534984000000001,-22.219089999999998,-1.9835205000000002,3247,0.000503759,4,318,latin
indie catala,-1.5869138,-21.825647,0.56969285,3198,0.000475018,4,318,latin
ska argentino,-4.0734735,-28.692255,-2.038711,2785,0.000450114,4,318,latin
trap espanol,-7.032501700000001,-30.274902,-9.086675,723,0.000445329,4,318,latin
colombian pop,-1.1081518999999997,-22.704517000000003,-8.812818,3403,0.000433846,4,318,latin
spanish hip hop,-6.964942,-29.548414,-9.297807,532,0.000415858,4,318,latin
mexican hip hop,-4.2321935,-28.579664,-10.484679,300,0.000400505,4,318,latin
trap latino,-0.86662525,-26.133411,-9.893183,2326,0.000398046,4,318,latin
latin viral pop,2.3414881000000003,-21.071344,-5.149564700000001,3643,0.000394927,4,318,latin
rap conciencia,-6.61591,-28.281091999999997,-11.075115,230,0.000394355,4,318,latin
cumbia villera,-9.549965,-28.649216,-0.26413235,1281,0.000393729,4,318,latin
spanish pop rock,-0.46223897,-22.178722,-4.070659,727,0.000362334,4,318,latin
peruvian rock,-2.7503283,-19.408375,-10.5054865,1247,0.00035641,4,318,latin
spanish metal,-1.2802889,-26.20792,0.3477672,3484,0.00034290199999999996,4,318,latin
cumbia chilena,-9.871319999999999,-27.262753000000004,-0.26568776,3088,0.000342813,4,318,latin
salsa puertorriquena,-2.4203181000000002,-21.540762,-14.134310000000001,949,0.00034229599999999996,4,318,latin
pop peruano,-2.2539742,-19.194218,-10.506901,2585,0.000339437,4,318,latin
punk urbano,-1.4084676999999999,-25.083796,0.14662331,67,0.00032784,4,318,latin
bachata,-0.74611986,-24.59357,-10.94784,1581,0.000320979,4,318,latin
rock catala,-1.9710436999999998,-21.739243,0.61781347,1142,0.000311969,4,318,latin
folklore argentino,-6.966556,-26.414740000000002,-1.2554481000000002,899,0.000311825,4,318,latin
rap chileno,-9.222292999999999,-26.231213,-5.715232,1070,0.00030141799999999997,4,318,latin
argentine reggae,-4.320188,-28.254517,-1.7668157,3356,0.00029791400000000003,4,318,latin
rap latina,-7.2776394,-31.261763000000002,-9.239852,3607,0.000295189,4,318,latin
rap dominicano,1.4397483999999998,-25.104193,-12.254617,925,0.000288035,4,318,latin
musica para ninos,-3.3715410000000006,-22.267694,-0.3172264,1820,0.000269733,4,318,latin
modern salsa,-2.41463,-21.190920000000002,-12.559192,878,0.000269722,4,318,latin
ska mexicano,-1.4722593000000002,-26.980673,-3.3106139999999997,1471,0.000264657,4,318,latin
chicha,-5.7668047,-21.01078,-8.219781,3052,0.000254423,4,318,latin
latin funk,-7.7276034,-26.236559000000003,-4.6372714,3579,0.00024897900000000003,4,318,latin
trap argentino,-6.796697999999999,-30.794966,-6.9978523,221,0.000246252,4,318,latin
colombian rock,-6.064675299999999,-23.786904999999997,-8.870282000000001,759,0.00024461599999999996,4,318,latin
latin afrobeat,-4.7438993,-22.598755,-7.239698,247,0.000243153,4,318,latin
dembow,1.3838438999999998,-25.13397,-12.226322999999999,208,0.00024156099999999997,4,318,latin
argentine hip hop,-6.8018979999999996,-30.763924,-7.0436380000000005,3438,0.00023878,4,318,latin
argentine alternative rock,-6.187245,-27.916052,-3.5785457999999997,3699,0.000225458,4,318,latin
ecuadorian pop,-1.7304833,-22.682972,-9.464621000000001,861,0.000220468,4,318,latin
mambo,-3.3544532999999994,-22.162928,-14.233532,862,0.000220444,4,318,latin
reggae catala,-2.2582807999999996,-21.742145999999998,2.2810984,385,0.000219528,4,318,latin
electro latino,-2.2510056,-25.83214,-6.9320807,2252,0.000214994,4,318,latin
panamanian pop,-1.2866142,-25.520498,-12.946889,3498,0.00020930599999999998,4,318,latin
nu-cumbia,-5.7540016,-21.860939000000002,-8.026802,3342,0.000205726,4,318,latin
latin talent show,2.4671896,-20.781157,-5.211724299999999,3788,0.00020136400000000002,4,318,latin
pop argentino,-7.5601993,-28.879265000000004,-1.3059112,596,0.000201322,4,318,latin
rap catalan,-7.677044400000001,-28.90202,-8.379791,2802,0.00020048,4,318,latin
argentine telepop,-7.701326400000001,-28.978716,-1.1653051,1899,0.000193097,4,318,latin
salsa peruana,-2.832261,-19.892464,-11.092297,1560,0.000192422,4,318,latin
latincore,-3.0180686000000003,-26.927372,-4.4030437000000004,1980,0.000192124,4,318,latin
argentine punk,-4.007825,-27.161852000000003,-2.6402080000000003,2988,0.000186299,4,318,latin
rock urbano mexicano,-2.6072268,-26.971935,-3.2700683999999995,3551,0.00018561,4,318,latin
cumbia peruana,-3.400703,-19.68215,-10.68794,288,0.000179588,4,318,latin
ska espanol,-2.5700374,-22.835907000000002,2.306678,1672,0.00017944,4,318,latin
puerto rican pop,-1.2298664,-23.670227,-10.831925,2210,0.000178685,4,318,latin
pop flamenco,-1.9808898999999998,-20.706595999999998,-2.4346240000000003,2929,0.00017769200000000002,4,318,latin
r&b en espanol,-5.5582795,-29.32194,-8.25105,222,0.000172316,4,318,latin
boogaloo,-2.3175867,-22.404545000000002,-14.697014999999999,3663,0.000171541,4,318,latin
cubaton,-1.3314534,-21.942451000000002,-12.2753,2270,0.000169807,4,318,latin
post-punk argentina,-4.3427725,-27.419708,-2.4912202000000003,1609,0.0001678,4,318,latin
venezuelan rock,-3.8238849999999998,-24.532032,-7.3087754,1313,0.00015588,4,318,latin
colombian hip hop,-5.9848557,-24.052929000000002,-8.993764,935,0.000154442,4,318,latin
venezuelan hip hop,-6.182304,-27.15495,-9.764142999999999,741,0.000150426,4,318,latin
vallenato,-2.1540916,-22.70913,-9.484613000000001,483,0.000145729,4,318,latin
trap mexicano,-4.4540334,-27.84665,-9.268266,1722,0.00014548,4,318,latin
pop catracho,-2.6613849999999997,-24.962463,-11.449647,3301,0.000144323,4,318,latin
salsa colombiana,-2.4080873,-22.330116,-13.399545999999999,111,0.000143087,4,318,latin
argentine heavy metal,-3.1956147999999995,-26.568817,-1.7816306,1120,0.000142743,4,318,latin
ska jazz,-3.264844,-24.323929,3.1089563,356,0.000141368,4,318,latin
guadalajara indie,-2.9026257999999996,-26.654096999999997,-5.9793587,2458,0.000138791,4,318,latin
salsa venezolana,-2.4701299999999997,-22.717733,-12.319336999999999,1699,0.000137264,4,318,latin
trap chileno,-9.500764,-27.031840000000003,-6.684259,3529,0.000137103,4,318,latin
venezuelan indie,-3.728918,-24.668035999999997,-7.119055,3701,0.00013570799999999998,4,318,latin
pop chileno,-7.2418118,-23.45684,-3.154178,2240,0.00013549799999999998,4,318,latin
canto popular uruguayo,-7.089421000000001,-26.205223,-0.48656392,1040,0.000132142,4,318,latin
mexican pop punk,-2.8856514,-26.424551,-4.8778915000000005,1928,0.000129207,4,318,latin
rock alternativo espanol,-2.6379077,-23.269592000000003,-0.74715066,1472,0.00012157200000000001,4,318,latin
cha-cha-cha,-3.7591894,-22.889448,-13.642354000000001,1780,0.000120558,4,318,latin
rumba catalana,-2.3027729999999997,-20.668144,-1.7667366000000002,744,0.00011464799999999999,4,318,latin
electronica argentina,-5.971614,-27.60858,-4.1466193,3381,0.000113568,4,318,latin
concepcion indie,-6.557040700000001,-24.25196,-2.9655688,2972,0.000109855,4,318,latin
cumbia santafesina,-8.236504,-27.2471,0.23946157,1257,0.00010931,4,318,latin
cumbia paraguaya,-8.472043,-27.171459999999996,0.25179997,302,0.000108196,4,318,latin
cuban alternative,-6.352362,-26.4853,-11.306191,2730,0.000108046,4,318,latin
hip hop cubano,-6.3128386,-26.662214000000002,-11.142050999999999,3804,0.000107135,4,318,latin
trap catala,-6.974052400000001,-28.316017,-8.174041,1095,0.000104165,4,318,latin
salsa choke,-2.3984002999999996,-24.634892999999998,-10.06202,3349,0.000103429,4,318,latin
cuarteto,-7.912905,-27.385101000000002,0.23567335,1611,0.000103284,4,318,latin
nica,-4.885839,-22.426104000000002,-11.802711500000001,1783,0.00010266700000000001,4,318,latin
champeta,-2.9592261000000004,-24.124691000000002,-9.322746,1509,0.00010145,4,318,latin
mestissatge,-2.3513534,-22.224384,1.9301323000000001,2093,0.000100168,4,318,latin
french hip hop,-6.899377,-5.1845913,-10.39953,2368,0.0016559510000000001,5,2368,french hip hop
pop urbaine,-6.523261,-4.71454,-10.390069,3660,0.0014642670000000002,5,2368,french hip hop
chanson,-7.8967967,-2.053845,-11.271661,3415,0.001166879,5,2368,french hip hop
french pop,-7.5521054,-3.0928879,-11.285224000000001,374,0.001072298,5,2368,french hip hop
rap francais,-6.6749453999999995,-5.222882,-9.608249,3142,0.001052781,5,2368,french hip hop
french rock,-8.775485,-1.8507667,-11.40172,2492,0.000928472,5,2368,french hip hop
francoton,-7.004313000000001,-3.9372910000000005,-11.14945,3336,0.00091328,5,2368,french hip hop
nouvelle chanson francaise,-9.086186,-1.71426,-11.460947,1272,0.0007075489999999999,5,2368,french hip hop
rap conscient,-6.011878,-5.758961,-9.518462,1485,0.000491721,5,2368,french hip hop
rap calme,-6.7403398,-5.510032700000001,-8.4910555,2807,0.000367631,5,2368,french hip hop
rap marseille,-5.3510613,-4.012817,-9.079908999999999,2632,0.000275798,5,2368,french hip hop
ye ye,-7.438502000000001,-1.3768677,-9.104047999999999,2562,0.000204264,5,2368,french hip hop
belgian hip hop,-7.752282000000001,-5.858265,-8.514291,2407,0.00017716299999999998,5,2368,french hip hop
variete francaise,-7.4925647,-2.017478,-8.042269000000001,3067,0.000132776,5,2368,french hip hop
rap algerien,-5.584532,-4.096948,-7.555615400000001,751,0.000111755,5,2368,french hip hop
grupera,-10.5920515,-19.726294,-8.032093,768,0.00195848,6,768,grupera
norteno,-10.827994,-18.271385000000002,-8.5842285,3155,0.001528641,6,768,grupera
regional mexican,-10.882449000000001,-18.61348,-7.613322,3522,0.001511299,6,768,grupera
banda,-10.101016,-18.56053,-8.479184,2631,0.001450229,6,768,grupera
cumbia,-9.648766,-19.5597,-9.174717999999999,3126,0.0014432429999999999,6,768,grupera
neo-kraut,-10.237283,-19.706335,-6.4361734,653,0.001113064,6,768,grupera
duranguense,-9.654583,-18.161568,-7.539024,1333,0.0008155739999999999,6,768,grupera
regional mexican pop,-10.498136500000001,-16.78068,-8.108881,15,0.000645676,6,768,grupera
deep regional mexican,-9.6854315,-16.787457999999997,-7.7064867,410,0.00034912400000000003,6,768,grupera
tejano,-8.76783,-18.242641,-6.812621000000001,1974,0.000313288,6,768,grupera
cumbia sonidera,-7.695628999999999,-19.169897,-7.848987599999999,2731,0.000309405,6,768,grupera
corrido,-9.054269999999999,-16.094822,-7.3938,492,0.00024508799999999997,6,768,grupera
mariachi,-8.511581,-19.037364999999998,-5.4949946,3536,0.00018306,6,768,grupera
gruperas inmortales,-7.910206,-18.447891000000002,-6.974782,3583,0.000175926,6,768,grupera
norteno-sax,-7.972731,-16.919373999999998,-7.040172,2625,0.00016832700000000002,6,768,grupera
banda carnavalera,-8.572849,-16.529348000000002,-7.2123536999999995,3792,0.00015322,6,768,grupera
modern bollywood,-1.0819184,2.6182222,-6.900384,1674,0.0017590289999999998,7,1674,modern bollywood
filmi,-2.3569145000000002,0.120476864,-8.914269,333,0.00173394,7,1674,modern bollywood
desi pop,-3.3880758,2.8160121,-8.526439,869,0.001671021,7,1674,modern bollywood
sufi,-1.9468892,2.1367404,-8.415316,1927,0.001329198,7,1674,modern bollywood
indian folk,-2.3988563999999997,2.2613373,-7.826648700000001,2707,0.000702641,7,1674,modern bollywood
punjabi pop,-3.4545522000000006,2.341511,-6.658164500000001,262,0.0005945459999999999,7,1674,modern bollywood
deep indian pop,-1.6109931,-1.6236358,-8.126527000000001,3326,0.000539678,7,1674,modern bollywood
tamil pop,-1.6332408999999999,-1.5835412,-8.131785,2729,0.0004929380000000001,7,1674,modern bollywood
desi hip hop,-4.7123356,1.7879131999999998,-6.0989428,620,0.00038432300000000005,7,1674,modern bollywood
bhangra,-2.870563,1.9156288000000001,-6.9141974,1564,0.000306488,7,1674,modern bollywood
indian indie,-3.756102,1.2794886,-5.0261307,3070,0.00029617799999999997,7,1674,modern bollywood
ghazal,-1.1238413,1.1312443,-7.8581867,1259,0.000270921,7,1674,modern bollywood
classic bollywood,-1.462488,0.722681,-7.691184,3417,0.000244822,7,1674,modern bollywood
classic pakistani pop,-1.5715252,0.627963,-7.19,2078,0.000198641,7,1674,modern bollywood
hindi hip hop,-3.6427822,1.4174417,-5.895117,2877,0.000144015,7,1674,modern bollywood
tollywood,-1.9131858,-0.49775073,-6.539889,3526,0.000118575,7,1674,modern bollywood
uk hip hop,-5.874027,4.599588,-17.721518,3488,0.0006830860000000001,8,3488,uk hip hop
grime,-6.434056,4.669529,-17.455853,2216,0.000537934,8,3488,uk hip hop
uk alternative hip hop,-4.583472,4.8018923,-17.2038,493,0.000410355,8,3488,uk hip hop
uk drill,-5.6707654000000005,4.690298,-15.823367000000001,1477,0.000245042,8,3488,uk hip hop
bassline,-8.787661,5.6539817,-16.688192,1655,0.000180221,8,3488,uk hip hop
london rap,-5.510562,4.328012,-15.436121,1626,0.000177193,8,3488,uk hip hop
uk garage,-8.890165,5.6844373,-15.934220999999999,1124,0.000140434,8,3488,uk hip hop
birmingham grime,-6.890889,4.5135303,-15.811132,1712,0.00013868799999999998,8,3488,uk hip hop
uk funky,-9.884399,4.7075853,-14.8256035,1931,0.000135428,8,3488,uk hip hop
instrumental grime,-7.5767174,4.8100830000000006,-15.943414,2089,0.00013044399999999999,8,3488,uk hip hop
birmingham hip hop,-6.314714,3.9454396000000003,-15.523894,3118,0.000127875,8,3488,uk hip hop
dutch pop,-11.597621,-6.0114446,-6.970847,251,0.001410622,9,251,dutch pop
dutch hip hop,-10.152679,-6.922739999999999,-7.767779400000001,1671,0.00108277,9,251,dutch pop
dutch rock,-12.273619,-5.1250606,-5.74902,2889,0.000932828,9,251,dutch pop
dutch urban,-10.096267,-6.943948,-7.792497,2670,0.000910047,9,251,dutch pop
dutch indie,-11.570975,-4.911032700000001,-5.3697557,3387,0.000433832,9,251,dutch pop
levenslied,-12.229925,-6.2526,-4.3482175000000005,2996,0.000388995,9,251,dutch pop
carnaval,-12.168600999999999,-6.3501115,-4.2100515,695,0.000266215,9,251,dutch pop
basshall,-10.008246,-7.5960174,-7.182281,1416,0.000193125,9,251,dutch pop
dutch cabaret,-10.753003,-6.2302155,-4.6786847,787,0.000144623,9,251,dutch pop
dutch americana,-10.273237,-6.037469000000001,-4.5452322999999994,877,0.000136947,9,251,dutch pop
j-pop,-9.014627,-5.3807597000000005,19.362503,1252,0.0029522740000000004,10,1252,j-pop
j-rock,-9.90979,-6.836160700000001,18.041939000000003,3055,0.002060453,10,1252,j-pop
japanese r&b,-10.391691,-5.137368700000001,17.239428,876,0.000987749,10,1252,j-pop
japanese city pop,-10.447871000000001,-5.351653,14.939620999999999,3557,0.000966005,10,1252,j-pop
japanese alternative rock,-8.877269,-5.9368463,17.77634,687,0.000906028,10,1252,j-pop
anime rock,-7.247840400000001,-5.184172,18.58737,1813,0.0008298339999999999,10,1252,j-pop
anime,-6.4188313,-5.381948,19.156939,1591,0.000756142,10,1252,j-pop
j-rap,-9.617753,-4.666795,16.856209,3003,0.000588089,10,1252,j-pop
j-poprock,-7.6726813,-6.0997047,18.21893,187,0.000568404,10,1252,j-pop
j-metal,-7.349628999999999,-2.6772597,21.103102,2721,0.000508212,10,1252,j-pop
idol rock,-7.230245,-2.3768542,20.195948,2662,0.0005042919999999999,10,1252,j-pop
j-pixie,-6.9964414,-4.0452447,18.892763000000002,2885,0.000495405,10,1252,j-pop
j-idol,-6.565564,-3.130227,17.380512,3563,0.00044858,10,1252,j-pop
visual kei,-7.1068125,-3.161002,21.309936999999998,3412,0.00040369699999999995,10,1252,j-pop
japanese singer-songwriter,-9.843200999999999,-5.372301599999999,15.270954000000001,3023,0.000400011,10,1252,j-pop
japanese punk rock,-8.611642,-7.689858999999999,17.193939999999998,1664,0.00028638,10,1252,j-pop
j-acoustic,-9.302158,-5.2957089999999996,15.953838000000001,3315,0.00025918400000000003,10,1252,j-pop
alt-idol,-6.916672,-2.4482133,18.803158,1801,0.000249779,10,1252,j-pop
okinawan pop,-8.37423,-5.352490400000001,16.751831,2762,0.000231748,10,1252,j-pop
j-pop girl group,-6.470358,-2.9391717999999996,17.94728,3588,0.00021852900000000002,10,1252,j-pop
japanese electropop,-5.119729,-2.871233,17.093637,1849,0.000201673,10,1252,j-pop
j-division,-7.7565789999999994,-4.1991777,17.019825,678,0.000198099,10,1252,j-pop
japanese pop punk,-7.6326385,-6.710339,17.040518,1238,0.00017052099999999998,10,1252,j-pop
japanese emo,-7.346885,-6.5543547,16.794404999999998,2750,0.00016726599999999998,10,1252,j-pop
j-pop boy group,-7.728271,-4.4283237,16.442601999999997,1149,0.000156754,10,1252,j-pop
kawaii metal,-7.291859,-1.7187321,19.038687,3652,0.000141757,10,1252,j-pop
j-punk,-7.884675,-6.290678,16.183487,1840,0.000122524,10,1252,j-pop
japanese indie rock,-7.3546095000000005,-5.3524356,14.791713,2613,0.000110797,10,1252,j-pop
german hip hop,-19.096817,-3.4321917999999996,2.740267,2913,0.001594034,11,2913,german hip hop
german cloud rap,-18.77433,-4.4653683,2.8389613999999996,3258,0.0009520939999999999,11,2913,german hip hop
deep german hip hop,-17.781765,-4.1583214,2.4649887,2483,0.000825568,11,2913,german hip hop
german alternative rap,-18.169132,-4.030428,3.7236211000000004,3058,0.000552372,11,2913,german hip hop
german trap,-17.80171,-4.9509153,2.8126797999999997,2811,0.000515329,11,2913,german hip hop
german underground rap,-16.823437,-5.036134,2.7343984,1314,0.000252353,11,2913,german hip hop
hamburg hip hop,-17.015594,-4.765954,3.4976230000000004,1195,0.000240945,11,2913,german hip hop
schweizer rap,-16.36795,-5.3141003,2.5218303,890,0.000148969,11,2913,german hip hop
mpb,10.98023,-10.253383,-12.955942,3822,0.00203279,12,3822,mpb
forro,11.865339,-11.104447,-11.3104105,3051,0.00127841,12,3822,mpb
pagode,11.951994000000001,-11.690392999999998,-11.207687,105,0.001247432,12,3822,mpb
samba,11.824219,-10.040671000000001,-10.709197,529,0.001216289,12,3822,mpb
bossa nova,13.644043,-8.60768,-10.1781845,999,0.001167562,12,3822,mpb
baile pop,8.014739,-13.38701,-10.997828,1530,0.001094127,12,3822,mpb
brazilian rock,9.465053,-9.468042,-14.0941,2978,0.001073175,12,3822,mpb
nova mpb,9.33997,-11.283524,-11.908911999999999,3006,0.0009806189999999998,12,3822,mpb
funk carioca,6.6796203,-12.123249000000001,-8.315868,2557,0.000974077,12,3822,mpb
sertanejo universitario,11.131341,-12.316123,-9.010551,1122,0.000731697,12,3822,mpb
brazilian hip hop,5.2448287,-12.363332000000002,-12.715672999999999,2887,0.0007037160000000001,12,3822,mpb
rock gaucho,9.085189999999999,-8.83964,-13.901162,3427,0.0007014969999999999,12,3822,mpb
sertanejo,11.2228985,-12.212026,-8.638455,3640,0.00066722,12,3822,mpb
velha guarda,11.593916,-9.124247,-10.648533,2522,0.0006324519999999999,12,3822,mpb
axe,11.630144999999999,-10.785274000000001,-9.320354,1583,0.0006166780000000001,12,3822,mpb
funk ostentacao,7.084186999999999,-12.916416,-10.002754,2757,0.000511439,12,3822,mpb
sertanejo pop,10.796494500000001,-11.918399,-8.545354,3413,0.0004959869999999999,12,3822,mpb
rock nacional brasileiro,8.52473,-8.619773,-14.511250500000001,856,0.000393426,12,3822,mpb
brazilian edm,3.8608190000000002,-11.983103999999999,-10.584192,544,0.00037065199999999996,12,3822,mpb
mangue bit,8.236673,-10.004578,-12.839356,1025,0.000317847,12,3822,mpb
pop nacional,7.6441383,-12.517702,-11.877257,782,0.000290807,12,3822,mpb
afrofuturismo brasileiro,6.4639034,-11.743018,-12.010635,2399,0.00026377700000000003,12,3822,mpb
trap brasileiro,5.4074345,-12.059854,-11.404728,3731,0.000256987,12,3822,mpb
sertanejo tradicional,10.328911,-11.026679,-8.276085,1456,0.000242419,12,3822,mpb
brazilian punk,7.943737,-8.407631,-13.376470000000001,722,0.000205002,12,3822,mpb
brazilian jazz,13.118873,-7.8780537,-9.726732,3210,0.00019005099999999997,12,3822,mpb
hard rock brasileiro,8.202970500000001,-8.664436,-13.197013,2328,0.000188823,12,3822,mpb
violao,12.636205,-7.907334,-9.714586,804,0.00018398400000000002,12,3822,mpb
r&b brasileiro,5.952749,-11.454680999999999,-11.578886,626,0.000181389,12,3822,mpb
pernambuco alternative,8.466238,-9.786548,-11.523763,24,0.00016260799999999999,12,3822,mpb
brega funk,7.483865,-11.579513,-9.153473,2169,0.000149244,12,3822,mpb
umbanda,9.67734,-9.726486999999999,-10.751349000000001,2914,0.000144755,12,3822,mpb
funk das antigas,6.8598776,-11.884478999999999,-8.668124,3568,0.000144027,12,3822,mpb
rap feminino nacional,5.7677746,-11.108842999999998,-11.282281,2468,0.000133809,12,3822,mpb
rock alternativo brasileiro,7.7132830000000006,-8.339742,-12.395856,1884,0.000130748,12,3822,mpb
brazilian soul,9.668049,-9.0178175,-10.057217999999999,1851,0.00011559600000000001,12,3822,mpb
brazilian psychedelic,8.524035000000001,-8.360459,-10.692519,3115,0.00011022700000000001,12,3822,mpb
jovem guarda,9.798164,-9.579004,-8.6736965,1869,0.00010379200000000001,12,3822,mpb
italian pop,-7.4812026,-15.417328,4.0826244,919,0.001727434,13,919,italian pop
italian arena pop,-8.211569,-14.624219,4.1274834,1234,0.001299282,13,919,italian pop
italian alternative,-9.321648,-13.846314000000001,4.470085,3080,0.001170052,13,919,italian pop
italian hip hop,-10.137891999999999,-13.671123999999999,4.48549,2671,0.001088699,13,919,italian pop
classic italian pop,-7.430981,-14.755204,3.9265997,3729,0.001039318,13,919,italian pop
italian indie pop,-8.348180000000001,-12.789891,4.3657746,2587,0.000507149,13,919,italian pop
rap napoletano,-8.836464,-12.848236,3.3244955999999997,1766,0.000345906,13,919,italian pop
italian underground hip hop,-9.202250999999999,-11.779850999999999,3.9582596,2251,0.00024788400000000003,13,919,italian pop
trap italiana,-9.009628,-11.327713000000001,3.3239958,2463,0.000227458,13,919,italian pop
milan indie,-8.907644,-12.272631,2.1924422000000003,192,0.00022011,13,919,italian pop
canzone d'autore,-7.264531599999999,-12.568249,3.5704290000000003,2882,0.000147764,13,919,italian pop
italian reggae,-8.156562,-11.609055999999999,2.8801076,2121,0.000134649,13,919,italian pop
italian pop rock,-7.3189244,-12.33582,2.8090246,263,0.000128938,13,919,italian pop
turin indie,-7.8577633,-11.482458,3.835255,1895,0.00011320899999999999,13,919,italian pop
k-pop,-6.046978500000001,-1.0106918,7.6335707,3618,0.0010042710000000002,14,3618,k-pop
korean pop,-5.4447837,-0.2560333,6.828611,556,0.0006992330000000001,14,3618,k-pop
k-indie,-5.4344325,-0.24325067,6.647303,1690,0.000541386,14,3618,k-pop
korean r&b,-4.688691599999999,0.10434068,6.90568,2331,0.00041224800000000004,14,3618,k-pop
k-hop,-5.3927974999999995,0.6890911999999999,6.9809646999999995,991,0.000390075,14,3618,k-pop
k-pop boy group,-5.642665,-0.6549246,5.779878,2888,0.00028037900000000003,14,3618,k-pop
afropop,10.289883999999999,0.6804581999999999,-12.777579,1727,0.0026706409999999996,15,1727,afropop
world,11.515055,0.47325975,-12.201037,1982,0.0015995979999999998,15,1727,afropop
azontobeats,8.850408999999999,-0.29664335,-13.483354,158,0.001128607,15,1727,afropop
afro dancehall,7.8232894,0.029275392999999997,-13.441147,518,0.000985739,15,1727,afropop
nigerian pop,8.36693,0.39554554,-12.767016,3511,0.0009354089999999999,15,1727,afropop
nigerian hip hop,8.491408,-0.99477476,-13.072033,2724,0.000567158,15,1727,afropop
mande pop,11.742279,-1.0814872,-11.926806,3382,0.000540951,15,1727,afropop
malian blues,11.674755000000001,-1.4851272,-11.947524000000001,3147,0.000375234,15,1727,afropop
azonto,7.3909839999999996,-0.63688016,-13.271560000000001,415,0.000361155,15,1727,afropop
desert blues,11.491194,-1.7489599999999998,-11.492662,1170,0.000280601,15,1727,afropop
ghanaian hip hop,8.1082,-1.0567726999999998,-12.193211,2434,0.000212379,15,1727,afropop
soukous,8.864481,-1.8997592,-12.044993,2218,0.000155086,15,1727,afropop
rumba congolaise,8.886617,-1.973538,-11.967305,1321,0.000110616,15,1727,afropop
wassoulou,11.447841,-2.1381035,-11.160696000000002,119,0.00010916,15,1727,afropop
turkish pop,-5.4170947,-8.569191,-0.60784996,721,0.0014775720000000001,16,721,turkish pop
turkish rock,-5.2225113,-9.334062,-2.5344977,2185,0.00132852,16,721,turkish pop
turkish jazz,-6.748152,-9.18195,-3.3899035000000004,101,0.000865687,16,721,turkish pop
turkish folk,-6.557974000000001,-7.949314,-2.3280978,3284,0.000788089,16,721,turkish pop
arabesk,-5.6605854,-7.2893853,-0.931911,3525,0.000570114,16,721,turkish pop
deep turkish pop,-5.7434626,-6.9560523000000005,-0.83275086,2682,0.000503824,16,721,turkish pop
anadolu rock,-6.0529194,-8.261925999999999,-3.2370677000000003,953,0.000403635,16,721,turkish pop
turkish singer-songwriter,-5.159142,-7.4037447,-2.1741047000000004,2541,0.00028181,16,721,turkish pop
turkish alternative,-5.070707,-8.19132,-3.5471516000000003,2022,0.000236824,16,721,turkish pop
brill building pop,-5.109657,-7.869348,-2.9175267000000003,43,0.00023339200000000002,16,721,turkish pop
turkish alternative rock,-4.2829447,-7.717554,-3.9476913999999996,1380,0.000213955,16,721,turkish pop
turkish psych,-6.860104,-7.445842999999999,-3.5723927000000004,1460,0.00019785099999999997,16,721,turkish pop
scorecore,-1.1742803999999998,-10.598374,17.593798,3158,0.0016805479999999998,17,3158,scorecore
soundtrack,-0.7853906,-11.242643,16.945314,1230,0.0016158779999999998,17,3158,scorecore
video game music,-0.4920754,-9.774642,17.179775,706,0.001241893,17,3158,scorecore
classic soundtrack,0.89657927,-13.636107999999998,17.446419,3589,0.000638358,17,3158,scorecore
epicore,0.6652509,-10.484158500000001,16.315624,2694,0.000597196,17,3158,scorecore
british soundtrack,0.08096105599999999,-11.379617999999999,15.888666,2056,0.000426448,17,3158,scorecore
latin classical,3.051398,-13.156896,18.753216000000002,1617,0.000272645,17,3158,scorecore
theme,2.5363202,-13.761598000000001,17.102175,3405,0.00018609,17,3158,scorecore
canadian soundtrack,1.6561153999999998,-10.5209255,15.884194,1387,0.000176894,17,3158,scorecore
latin soundtrack,2.6352594,-12.602551,18.0437,3175,0.000166566,17,3158,scorecore
french soundtrack,1.2939129999999999,-13.080888999999999,15.942529,3286,0.00015655200000000001,17,3158,scorecore
nordic soundtrack,0.29336742,-10.7837715,14.124807999999998,650,0.000127075,17,3158,scorecore
middle earth,2.619208,-9.567786,16.295370000000002,3119,0.000119282,17,3158,scorecore
german soundtrack,0.594694,-11.135209,15.010289000000002,2488,0.00011633100000000001,17,3158,scorecore
vintage italian soundtrack,2.6944146,-13.219623,16.040218,724,0.000111972,17,3158,scorecore
german rock,-19.319149,-1.0767806,6.036851400000001,1099,0.00202954,18,1099,german rock
german pop,-18.610485,-0.28572318,4.760603,2083,0.001815164,18,1099,german rock
german indie,-15.4,-4.143167,6.5536118000000005,2451,0.000872431,18,1099,german rock
schlager,-17.152628,1.2829508,4.258675599999999,1201,0.000778532,18,1099,german rock
classic schlager,-16.918505,1.1847404,4.720119,1540,0.000577103,18,1099,german rock
liedermacher,-17.578842,-1.7779759999999998,6.1492043,1016,0.000552442,18,1099,german rock
antideutsche,-17.608263,-3.6658334999999997,5.139213,29,0.000415471,18,1099,german rock
discofox,-16.220419,1.0501076,4.1860414,68,0.000405826,18,1099,german rock
german punk,-17.387929999999997,-2.8408506,6.0609126,800,0.00040219400000000003,18,1099,german rock
austropop,-15.856694000000001,-0.37386155,6.250013,1585,0.00027776,18,1099,german rock
swiss indie,-14.452845000000002,-3.1147356,7.2380614,358,0.000204735,18,1099,german rock
german singer-songwriter,-15.953482000000001,-2.2206707000000003,6.115517,231,0.00020228,18,1099,german rock
neue deutsche welle,-16.165782999999998,-0.22682431,6.9941699999999996,3341,0.000199701,18,1099,german rock
german reggae,-17.33502,-4.831524,4.8251295,1673,0.000199172,18,1099,german rock
kolsche karneval,-15.788742999999998,-0.33710724,4.031835,2880,0.000179121,18,1099,german rock
oktoberfest,-15.352013000000001,0.56674916,4.168128,998,0.000173804,18,1099,german rock
austrian pop,-14.160295000000001,-2.7662578,7.069814999999999,682,0.000142136,18,1099,german rock
karneval,-15.5588875,-0.21457739,3.982039,1261,0.000141698,18,1099,german rock
german pop rock,-15.666248999999999,-1.5417033000000002,5.676913,56,0.000135655,18,1099,german rock
german alternative rock,-17.33589,-2.9201403,7.1680565000000005,1768,0.000134328,18,1099,german rock
german ska,-16.359258999999998,-2.559512,5.389376,339,0.000120217,18,1099,german rock
german indie folk,-15.298216,-3.0053853999999998,6.1798816,3044,0.000110712,18,1099,german rock
focus,-1.9674238000000002,-11.526667,7.859686999999999,831,0.00137536,19,831,focus
calming instrumental,0.003148772,-10.973131,7.232970699999999,1330,0.001195695,19,831,focus
new age,1.7890685000000002,-12.967830000000001,5.7359962,3455,0.000917053,19,831,focus
background music,-1.5587833999999998,-10.886241,6.097808000000001,2268,0.000713468,19,831,focus
neo-classical,-1.8929678,-11.655972,7.9575830000000005,2321,0.000651395,19,831,focus
bow pop,1.4187216,-11.769077000000001,10.286153,795,0.000616237,19,831,focus
classify,1.0959024,-11.994327,7.859750999999999,1374,0.0005747619999999999,19,831,focus
new age piano,0.63580614,-12.564736,6.5060873,1990,0.000422913,19,831,focus
fingerstyle,0.5389525,-10.210360000000001,6.672596,200,0.00021189,19,831,focus
piano cover,-0.08281267,-10.888002,5.918501999999999,3344,0.000201028,19,831,focus
atmosphere,-0.9567447,-10.832353999999999,5.2715573,601,0.00019714599999999999,19,831,focus
relaxative,-1.9037898000000002,-11.737871,4.822904,3671,0.000165526,19,831,focus
pop violin,1.4236171,-11.930099,8.818035,495,0.000138714,19,831,focus
opm,9.382008,-8.063048,1.6602944,1436,0.001106311,20,1436,opm
classic opm,8.664292,-8.086357000000001,2.1366560000000003,1030,0.0006551230000000001,20,1436,opm
pinoy rock,8.971559,-7.696967999999999,1.5397849,1694,0.000617073,20,1436,opm
pinoy indie,9.077556,-8.267614,0.88061404,2068,0.000542258,20,1436,opm
pinoy hip hop,7.7263865,-9.435231,0.40945438,3530,0.000300442,20,1436,opm
pinoy r&b,8.08763,-8.995182000000002,-0.25144920000000004,1439,0.000273377,20,1436,opm
pinoy trap,7.4232883,-9.482335,-0.3352042,3290,0.000254528,20,1436,opm
pinoy alternative rap,6.991688000000001,-9.105652000000001,0.15416996,2099,0.000182746,20,1436,opm
manila sound,6.4640164,-8.057863000000001,0.09211384,2809,0.00016783,20,1436,opm
pinoy reggae,7.145233999999999,-7.970377,0.494906,2634,0.000126622,20,1436,opm
indonesian pop,1.0894963,-10.417347999999999,-4.5563199999999995,1949,0.002191977,21,1949,indonesian pop
indonesian indie,1.4842848,-9.691906,-4.082949,3803,0.001673975,21,1949,indonesian pop
dangdut,-1.1281618,-10.797377000000001,-5.762039700000001,1697,0.0006793239999999999,21,1949,indonesian pop
indonesian rock,1.4323447,-8.222445,-3.9268264999999998,2804,0.000515655,21,1949,indonesian pop
indonesian jazz,0.72924984,-8.455934,-4.0633745,2982,0.000453441,21,1949,indonesian pop
classic indo pop,-0.7278188,-9.651171000000001,-5.153121,310,0.000400895,21,1949,indonesian pop
dangdut koplo,-1.3476962,-10.26435,-5.6958485,3332,0.000396333,21,1949,indonesian pop
indonesian folk,0.8514415999999999,-8.468182,-3.2409334,3131,0.000372844,21,1949,indonesian pop
indie curitibano,1.4100791000000001,-7.7989326,-3.2744720000000003,1646,0.000306379,21,1949,indonesian pop
dangdut remix,-1.2860996,-9.710546,-5.4480414,3524,0.00025119599999999997,21,1949,indonesian pop
indonesian reggae,0.87336344,-7.2454314,-3.3471754000000002,3261,0.00017013599999999999,21,1949,indonesian pop
indonesian city pop,-0.22812195,-8.028994,-4.1126747,3672,0.00016742900000000003,21,1949,indonesian pop
mandopop,-9.45626,-1.5325444,1.0380963,817,0.0015943910000000001,22,817,mandopop
c-pop,-8.869321000000001,-2.8253305,0.69705003,3738,0.0013762,22,817,mandopop
taiwan pop,-8.588911999999999,-0.8600093000000001,2.5143492000000003,2924,0.0007731260000000001,22,817,mandopop
cantopop,-8.161445,-2.8538063,0.8136416999999999,269,0.000748925,22,817,mandopop
chinese indie,-8.335399,-0.86758435,1.8449813000000002,3595,0.000712442,22,817,mandopop
classic mandopop,-7.6477804,-2.2010117,1.2673763,3202,0.000574318,22,817,mandopop
classic cantopop,-7.490589,-2.8721919999999996,1.1499028,2681,0.00045582800000000003,22,817,mandopop
mainland chinese pop,-6.313958,-1.1871501,2.174601,2542,0.000230432,22,817,mandopop
taiwan hip hop,-8.473692,-0.14684816,3.1961641,647,0.00020868700000000002,22,817,mandopop
chinese hip hop,-8.430239,-0.17113316,3.2090986,1385,0.000204779,22,817,mandopop
singaporean mandopop,-7.994281,-0.13402933,0.04125149,1010,0.000197588,22,817,mandopop
malaysian mandopop,-6.8540363,-1.1982566000000001,1.4175159,1361,0.00017503200000000001,22,817,mandopop
singaporean singer-songwriter,-7.7857947,-0.27650458,0.2719998,1858,0.000141918,22,817,mandopop
swedish pop,-12.043643,12.088217,3.8188431000000005,865,0.00122994,23,865,swedish pop
swedish alternative rock,-11.328439999999999,11.475002,7.8655777,3497,0.000669577,23,865,swedish pop
swedish hip hop,-18.255703,11.15708,6.712776,3012,0.000643712,23,865,swedish pop
classic swedish pop,-12.605089,11.2490225,4.9268675,2003,0.000583931,23,865,swedish pop
swedish urban,-17.797801999999997,11.175581,6.5175047,1248,0.000532213,23,865,swedish pop
danspunk,-12.293471,10.642799,5.560238,1126,0.000434154,23,865,swedish pop
swedish electropop,-9.594146,14.057894000000001,4.861379,569,0.00037203,23,865,swedish pop
swedish gangsta rap,-17.419397,11.642469,6.2710857,2667,0.00035476,23,865,swedish pop
icelandic pop,-13.63371,11.279758000000001,5.644531,3800,0.00023988400000000002,23,865,swedish pop
swedish dancehall,-17.766855,12.090682000000001,7.696728,3408,0.000234611,23,865,swedish pop
swedish synthpop,-9.530832,14.091166000000001,5.347754,2211,0.000211268,23,865,swedish pop
swedish idol pop,-14.367264000000002,9.559935000000001,4.843446,463,0.00019590099999999998,23,865,swedish pop
swedish reggae,-17.151255,11.382397000000001,6.909536,1857,0.000190476,23,865,swedish pop
swedish indie pop,-10.576029,13.479312,6.3134445999999995,533,0.00018270099999999998,23,865,swedish pop
swedish eurodance,-13.155029999999998,9.794463,4.537203,2432,0.000161858,23,865,swedish pop
swedish singer-songwriter,-11.459754,13.708628,6.6538424,3007,0.000153104,23,865,swedish pop
gothenburg indie,-10.008353,13.794573000000002,6.1047273,256,0.000143509,23,865,swedish pop
barnmusik,-13.150337,10.809103,6.1772480000000005,512,0.000135823,23,865,swedish pop
swedish trap,-16.467865,10.693655,6.205024,1548,0.000133181,23,865,swedish pop
swedish indie rock,-10.460851,11.757325999999999,6.8570533,3778,0.000133004,23,865,swedish pop
swedish soul,-14.5547905,12.191118,5.8570375,3456,0.000130505,23,865,swedish pop
swedish americana,-11.84871,13.8240185,6.808403500000001,834,0.00011523200000000001,23,865,swedish pop
scandinavian r&b,-15.262897500000001,12.537663,5.9185343,1334,0.000104464,23,865,swedish pop
swedish country,-13.603079000000001,10.64602,4.828086,697,0.000101975,23,865,swedish pop
classical performance,5.3548527,-19.532358,11.321367,669,0.00407029,24,669,classical performance
classical,7.072864999999999,-19.72762,11.249202,2548,0.0037980640000000003,24,669,classical performance
choral,4.911899,-19.32751,9.951475,3000,0.001584163,24,669,classical performance
early music,8.186491,-19.633816,9.208139,436,0.0013294129999999998,24,669,classical performance
orchestral performance,6.372989700000001,-17.127798000000002,11.154456,1824,0.001103063,24,669,classical performance
historically informed performance,6.1293169999999995,-18.795906,10.502523,719,0.000901766,24,669,classical performance
orchestra,5.426350599999999,-16.339962,11.767237,2165,0.000789493,24,669,classical performance
classical piano,6.315226999999999,-15.780779999999998,11.211872,2144,0.000668473,24,669,classical performance
baroque ensemble,6.1815714999999996,-18.29293,10.12618,1302,0.000635778,24,669,classical performance
baroque,8.987275,-19.447495999999997,8.5457735,793,0.0005598,24,669,classical performance
early music ensemble,6.519889,-18.345651999999998,9.247521,2387,0.000515331,24,669,classical performance
post-romantic era,12.047097,-16.466614,6.294294,3758,0.0004994369999999999,24,669,classical performance
late romantic era,11.58553,-17.020695,7.1772037,2087,0.00048722,24,669,classical performance
early modern classical,11.943471,-16.114244,7.023055,377,0.000439234,24,669,classical performance
violin,7.4363847000000005,-16.557676,11.333844000000001,3470,0.000429533,24,669,classical performance
british choir,5.353262,-18.672,8.574095,380,0.000422522,24,669,classical performance
italian baroque,9.078796,-18.359419,8.107519,409,0.000266599,24,669,classical performance
early romantic era,10.3771715,-18.124636,7.340076,175,0.000265182,24,669,classical performance
italian opera,9.876324,-17.204222,7.814267599999999,2787,0.000207817,24,669,classical performance
chamber orchestra,5.97671,-16.662982999999997,9.811441,1925,0.000200902,24,669,classical performance
classical era,9.331058500000001,-17.789413,6.844933500000001,2002,0.000194323,24,669,classical performance
german baroque,9.030706,-18.686728,7.4197726,2017,0.00019402,24,669,classical performance
russian romanticism,10.299135,-15.958326000000001,7.293348,2204,0.000179538,24,669,classical performance
21st century classical,4.6679224999999995,-16.441753,8.934992,1241,0.00017422599999999998,24,669,classical performance
american modern classical,12.563931,-16.016527,5.587406,889,0.000151766,24,669,classical performance
british modern classical,10.125077000000001,-16.609007000000002,6.694961500000001,1603,0.000139603,24,669,classical performance
classical organ,5.706496,-16.932278,8.229857,621,0.000134699,24,669,classical performance
classical cello,6.5574546,-16.294422,9.154908,2544,0.00013156,24,669,classical performance
english baroque,8.477157,-17.791988,7.389888000000001,1786,0.000114844,24,669,classical performance
ukrainian classical,9.272491,-15.466101,6.40691,3599,0.000105192,24,669,classical performance
sleep,1.5240176,-10.388304,2.6736376,1047,0.001283268,25,1047,sleep
environmental,1.1948279,-9.318581,2.3130555,2247,0.0007484130000000001,25,1047,sleep
water,0.71371365,-8.898114999999999,2.5066574,2051,0.000324947,25,1047,sleep
brain waves,-0.72547674,-9.626125,3.0612638,2090,0.000218709,25,1047,sleep
sound,-0.11046627,-8.25642,1.8490693999999999,2021,0.000214265,25,1047,sleep
binaural,-0.63992757,-8.951298,2.4550912,1140,0.000144446,25,1047,sleep
pet calming,-0.7628997,-6.962128999999999,0.37127899999999997,3806,0.000100145,25,1047,sleep
russian hip hop,-1.4131622,-0.6019191999999999,1.5465038999999998,2303,0.0016256839999999999,26,2303,russian hip hop
russian pop,-0.30859309999999995,-1.2546742,1.1914868,2096,0.001122891,26,2303,russian hip hop
russian dance,-0.9060808000000001,-1.4853020000000001,0.8998148000000001,1486,0.000638984,26,2303,russian hip hop
russian trap,-1.4775668,-1.3727508,0.023932701,3296,0.00034113599999999997,26,2303,russian hip hop
russian gangster rap,-1.125191,-1.9920115000000003,-0.019109703999999998,2314,0.000263969,26,2303,russian hip hop
kazakh pop,-1.2078156,-2.2045252,-0.5675952,1714,0.00013167799999999998,26,2303,russian hip hop
arab pop,-4.488086,-11.103457,-8.857238,2438,0.000965803,27,2438,arab pop
rif,-6.0630445,-10.811869999999999,-7.7083197,600,0.0007098110000000001,27,2438,arab pop
rai,-5.965717,-9.938303,-8.64955,2361,0.0005458069999999999,27,2438,arab pop
moroccan pop,-5.9212985,-9.822346000000001,-8.604234,851,0.00045256699999999996,27,2438,arab pop
egyptian pop,-3.9034797999999995,-10.522119,-9.259613,150,0.000373733,27,2438,arab pop
arabic hip hop,-6.6567216,-9.621611,-9.110593,254,0.000325672,27,2438,arab pop
classic arab pop,-4.0341244,-11.13032,-9.525517,2565,0.000309459,27,2438,arab pop
belly dance,-3.5861243999999997,-10.977347,-9.498094,2203,0.000282976,27,2438,arab pop
south african pop,-10.631888,3.8181730000000003,18.574537,2177,0.000532889,28,2177,south african pop
afro house,-11.20831,3.5037832000000004,19.557264,2593,0.00042610099999999996,28,2177,south african pop
kwaito house,-10.561767999999999,3.1235647,19.136765,509,0.00038082800000000005,28,2177,south african pop
south african alternative,-9.729994,3.6622872,18.262272,3090,0.000243671,28,2177,south african pop
gqom,-10.412744,2.2546627999999997,18.673666,3226,0.00018763799999999998,28,2177,south african pop
oceania soundtrack,-9.310485,2.2867405,18.69776,942,0.000167529,28,2177,south african pop
cape town indie,-8.959931,3.5510832999999997,18.098854,1547,0.000117549,28,2177,south african pop
south african rock,-8.867865,4.196559400000001,17.559604999999998,665,0.00011119700000000001,28,2177,south african pop
turbo folk,-16.0297,-9.6446705,0.9493661,2224,0.001063619,29,2224,turbo folk
albanian pop,-15.894113,-7.707392,-0.023840692,1427,0.00053607,29,2224,turbo folk
albanian hip hop,-16.282644,-7.7234488,0.27128459999999993,3223,0.000483445,29,2224,turbo folk
kosovan pop,-15.797687,-8.050089,0.17900221,3821,0.000354311,29,2224,turbo folk
balkan hip hop,-15.492121,-9.391373,0.7933624,190,0.000252068,29,2224,turbo folk
slovenian pop,-15.125260999999998,-9.357521,0.7556636999999999,199,0.00011624299999999999,29,2224,turbo folk
children's music,2.461394,-6.674987,5.954708599999999,1861,0.000651246,30,1861,children's music
cartoon,2.4602817999999997,-5.9682193,5.890297400000001,2136,0.00033353699999999996,30,1861,children's music
children's folk,2.0391982,-5.6526017,4.415743,3723,0.00023816900000000002,30,1861,children's music
nursery,1.6984571,-6.726818,4.66336,3267,0.000181005,30,1861,children's music
lullaby,1.2643646000000002,-8.145579,5.322487000000001,1784,0.000174252,30,1861,children's music
canadian children's music,1.8555656999999999,-5.9413599999999995,4.307375,2797,0.000119143,30,1861,children's music
music box,1.5230898000000002,-6.895417699999999,4.3020415000000005,2447,0.000109974,30,1861,children's music
country,17.472801,14.386370000000001,0.5679510999999999,3134,0.001192058,31,3134,country
contemporary country,16.008670000000002,15.433554999999998,0.5110542,1751,0.001098692,31,3134,country
country road,16.712215,15.258635,0.03939938,1543,0.000931372,31,3134,country
modern country rock,16.249407,15.171167,-0.42508805,1527,0.0006661589999999999,31,3134,country
outlaw country,15.096782000000001,11.363971000000001,1.4554588,2520,0.00052292,31,3134,country
country pop,16.037392,16.179033,0.0797534,341,0.000512887,31,3134,country
texas country,15.218236,11.799224,1.3873155000000001,2125,0.00048796099999999997,31,3134,country
country dawn,15.020539000000001,15.503452,-0.5909437,976,0.00026458,31,3134,country
canadian country,17.1162,16.849894,-1.6817235000000001,848,0.00025529400000000004,31,3134,country
canadian contemporary country,16.352829999999997,16.464394,-1.9119096999999998,2472,0.000214519,31,3134,country
nashville sound,18.20714,12.470130000000001,-1.7373049999999999,2820,0.000201802,31,3134,country
red dirt,14.763726,12.116192,0.7945293000000001,1224,0.000194589,31,3134,country
classic country pop,18.029111999999998,13.231935,-1.1979076000000002,3271,0.00018916,31,3134,country
traditional country,17.395570000000003,11.627674,-2.55072,1508,0.00017039599999999999,31,3134,country
oklahoma country,16.927167999999998,13.313262,-0.72785217,1997,0.000156893,31,3134,country
alberta country,16.071998999999998,16.239449,-2.0570343,1400,0.00014238,31,3134,country
arkansas country,17.041367,13.914287,-1.375273,1459,0.00013529200000000002,31,3134,country
cowboy western,17.894863,12.966063499999999,-2.6637722999999998,139,0.00011978600000000001,31,3134,country
country gospel,16.205841,13.206469,-2.2934572999999996,2935,0.000113809,31,3134,country
honky tonk,16.971867,12.337603,-2.3220808999999996,293,0.000111686,31,3134,country
modern southern rock,14.195195000000002,12.44613,0.10704183,728,0.000109504,31,3134,country
yodeling,17.014475,12.584766,-2.8969207000000003,3421,0.00010861,31,3134,country
ccm,6.9673796,0.3563195,1.1254727,1135,0.0018271779999999998,32,1135,ccm
worship,6.323036,-0.26067713,1.0756153,277,0.001674897,32,1135,ccm
anthem worship,5.933641400000001,0.23128092,1.7809419999999998,1388,0.001666746,32,1135,ccm
christian music,6.777992200000001,-0.63901824,1.7211884999999998,3683,0.001503096,32,1135,ccm
world worship,6.177948000000001,-1.2990549999999998,0.49079922,1504,0.0014419839999999999,32,1135,ccm
christian alternative rock,7.547811500000001,-0.39697656,2.563104,1295,0.001365984,32,1135,ccm
christian pop,6.868389,0.11667089999999998,-0.06484098,3556,0.0008880410000000001,32,1135,ccm
roots worship,5.6794395,0.9776679,0.9975357,911,0.000663242,32,1135,ccm
adoracao,6.7698913,-5.7250586,-5.910760400000001,3434,0.000634086,32,1135,ccm
brazilian gospel,6.5206957,-6.0069685,-6.262512,3534,0.000573602,32,1135,ccm
gospel,4.1345377,-1.4672996999999999,-4.4726243,2844,0.00048883,32,1135,ccm
christian hip hop,7.6631255000000005,-0.6044918,-2.497205,2986,0.000415501,32,1135,ccm
deep ccm,5.013502,-0.15975438,0.13393487,1286,0.000401328,32,1135,ccm
christian uplift,5.1812224,0.6604589,0.5012878,1337,0.00033808,32,1135,ccm
christian trap,7.6518397,-0.6357267,-2.5053601000000003,1846,0.000280171,32,1135,ccm
rock gospel brasileiro,5.9276029999999995,-6.3528519999999995,-6.5773077,944,0.000255209,32,1135,ccm
christian indie,5.4623384,1.2047004,0.042331874000000005,107,0.000251016,32,1135,ccm
folk brasileiro,7.3144064,-6.039835,-6.7344894,1381,0.0002465,32,1135,ccm
naija worship,3.6167983999999995,-2.1316636000000004,-3.2398388,217,0.000225351,32,1135,ccm
gospel r&b,4.044694,-1.5581548,-4.315767299999999,1792,0.00022019999999999999,32,1135,ccm
uk worship,4.094181,-2.2138605,-0.95764893,2443,0.00017196,32,1135,ccm
motivation,2.9779970000000002,-2.788094,-1.749193,97,0.000169121,32,1135,ccm
ambient worship,3.8537065999999998,0.27520168,0.85501474,1358,0.00014235799999999998,32,1135,ccm
canadian ccm,5.8607335,-2.224507,2.5499065,1217,0.000141176,32,1135,ccm
rap cristao,5.1167927,-6.92833,-7.155856599999999,2457,0.00012561200000000002,32,1135,ccm
australian pop,-3.4534644999999995,24.617329,-2.3378202999999997,986,0.000842414,33,986,australian pop
australian indie,-2.8643088,24.463266,-3.060568,3440,0.0007713980000000001,33,986,australian pop
australian hip hop,-2.7695708,24.679686,-3.8383825,2874,0.000693802,33,986,australian pop
australian dance,-3.4411435,21.821625,-1.9103058999999998,2429,0.000422809,33,986,australian pop
australian rock,0.97412556,26.235915999999996,-4.041418,1864,0.000402532,33,986,australian pop
australian alternative rock,0.70653313,26.128609,-3.7905412000000003,2630,0.000310699,33,986,australian pop
aussietronica,-3.4122727,22.628641000000002,-3.042052,2838,0.000245078,33,986,australian pop
australian garage punk,-1.2591927,25.356215,-2.6994019000000002,3444,0.000215005,33,986,australian pop
australian trap,-1.4616531000000001,24.052385,-5.135459,2182,0.000180194,33,986,australian pop
australian electropop,-2.4492874,22.171549,-1.8999012999999998,239,0.000172863,33,986,australian pop
australian country,1.3584528,22.738201,-4.7003580000000005,1451,0.000161758,33,986,australian pop
aussie drill,-1.383267,24.009752,-5.024541,1029,0.00014764,33,986,australian pop
brisbane indie,-1.1667107,23.683424,-2.941898,1561,0.000131221,33,986,australian pop
perth indie,0.04433563,23.754757,-2.7744582,177,0.00012169,33,986,australian pop
australian singer-songwriter,1.1920823999999999,23.310347,-2.1097395,351,0.00010367,33,986,australian pop
electronica,-11.895733,12.851896,-10.023039,2668,0.003750141,34,2668,electronica
house,-12.123825,5.871784,-13.670676,844,0.00224034,34,2668,electronica
tech house,-14.767079,8.668469,-14.628817999999999,560,0.002120819,34,2668,electronica
minimal techno,-15.247489000000002,10.028962,-14.340826999999999,1290,0.001842555,34,2668,electronica
deep house,-13.121119,7.2333293,-12.735988,954,0.0016665389999999999,34,2668,electronica
microhouse,-15.204633,10.681904,-13.827162,27,0.0015704279999999998,34,2668,electronica
disco house,-12.300952,6.592272299999999,-11.993255,1376,0.001521935,34,2668,electronica
nu jazz,-10.413437,13.629366000000001,-8.426273,794,0.001104692,34,2668,electronica
deep groove house,-11.650025999999999,5.741062599999999,-13.991417000000002,2518,0.0009450169999999999,34,2668,electronica
deep melodic euro house,-16.189354,7.634608,-15.62155,1218,0.00089551,34,2668,electronica
trip hop,-10.823512,12.488056,-8.871736,3254,0.0008813219999999999,34,2668,electronica
drum and bass,-9.606019,9.244758000000001,-15.291191,3350,0.000790216,34,2668,electronica
hip house,-10.522758,5.466401,-9.553253999999999,3014,0.0007841230000000001,34,2668,electronica
german techno,-17.832863,9.47441,-15.548016,141,0.0007401689999999999,34,2668,electronica
intelligent dance music,-14.119629000000002,12.629175,-10.829666,65,0.000734792,34,2668,electronica
downtempo,-10.022788,12.504512,-8.740374000000001,2313,0.0007176989999999999,34,2668,electronica
vocal house,-11.992999000000001,6.5115647,-11.285745,3748,0.000710365,34,2668,electronica
float house,-16.228448999999998,10.857164,-12.408591,201,0.000698395,34,2668,electronica
bass house,-10.443235000000001,6.729483999999999,-15.292276999999999,2382,0.0006645830000000001,34,2668,electronica
minimal tech house,-15.638116,8.278936,-13.861882000000001,3535,0.000645684,34,2668,electronica
wonky,-16.378115,12.196216999999999,-11.033906,1733,0.000640565,34,2668,electronica
big beat,-11.080782000000001,11.142032,-8.573381,3031,0.000587062,34,2668,electronica
ninja,-10.786864,12.545645,-8.29623,2327,0.00058313,34,2668,electronica
liquid funk,-9.575617999999999,8.70323,-15.711664,2158,0.000566872,34,2668,electronica
electra,-15.466195,13.422746,-13.072018,3601,0.000532556,34,2668,electronica
uk dnb,-9.466577000000001,8.346281,-15.701032999999999,1919,0.000520494,34,2668,electronica
future garage,-16.17843,11.620353999999999,-11.863744,1725,0.00048622,34,2668,electronica
deep disco house,-15.759475,7.7686,-13.644338000000001,2346,0.000478119,34,2668,electronica
deep euro house,-16.777864,7.748677000000001,-15.164042000000002,1986,0.00043347199999999996,34,2668,electronica
fluxwork,-15.209361999999999,12.847407,-12.257251,2272,0.000432311,34,2668,electronica
outsider house,-14.952185,12.272544,-11.937796,453,0.00040034099999999997,34,2668,electronica
chicago house,-11.931674000000001,7.0568423,-10.566131,2221,0.000387352,34,2668,electronica
jazztronica,-10.01347,12.707075,-7.7019553,1738,0.00033647099999999997,34,2668,electronica
organic electronic,-17.002370000000003,6.4682336,-16.207499,2383,0.000323543,34,2668,electronica
hamburg electronic,-17.463820000000002,8.767809,-14.933036999999999,959,0.00031059400000000003,34,2668,electronica
diva house,-11.415076,6.1144595,-10.425997,2102,0.000303468,34,2668,electronica
ethnotronica,-17.181042,6.0502519999999995,-16.623621,3084,0.00029393,34,2668,electronica
jungle,-9.210044,8.116762,-15.891101,2718,0.000278276,34,2668,electronica
groove room,-15.495235999999998,2.9141395,-12.041466999999999,165,0.000245727,34,2668,electronica
german house,-17.017385,8.083603,-14.129479000000002,2236,0.00023349400000000002,34,2668,electronica
glitch,-16.339918,11.720272999999999,-8.194722,2582,0.000230305,34,2668,electronica
electro swing,-9.347806,12.550315,-7.238325,1745,0.000226618,34,2668,electronica
glitch hop,-16.317507,11.597669999999999,-8.150217999999999,431,0.00021847900000000002,34,2668,electronica
deep minimal techno,-17.648332999999997,6.458101,-13.496471,1282,0.000202697,34,2668,electronica
melodic techno,-17.008987,6.9691825,-14.247176000000001,2359,0.00018178099999999997,34,2668,electronica
uk house,-15.363498000000002,6.934526400000001,-11.904585,1819,0.00017909599999999998,34,2668,electronica
circuit,-19.222559,5.3675623,-10.84769,2332,0.00017574799999999998,34,2668,electronica
uk experimental electronic,-14.622004500000001,11.542534,-10.750301,1063,0.00017565200000000002,34,2668,electronica
lo-fi house,-16.663507,9.866783999999999,-11.6211815,2760,0.000169979,34,2668,electronica
acid house,-11.625843,8.249824,-9.346285,2590,0.000157463,34,2668,electronica
swedish electronic,-16.17898,8.483107,-11.560106,1788,0.000131373,34,2668,electronica
rave,-11.428168,8.903341000000001,-8.728862,2064,0.000121215,34,2668,electronica
dubstep,-16.086707999999998,10.215399,-8.829128,3734,0.000117631,34,2668,electronica
scottish electronic,-15.870398999999999,10.016204,-9.389513,2944,0.000115125,34,2668,electronica
uk tech house,-16.169394,6.4461236,-11.856057,122,0.000114925,34,2668,electronica
ambient house,-15.727017000000002,9.217459,-10.850888000000001,1765,0.000107476,34,2668,electronica
dance pop,7.646965,7.346539,-5.3417273000000005,2452,0.0040871629999999996,35,2452,dance pop
pop,7.2523694,7.173605,-5.041187,1011,0.003569535,35,2452,dance pop
post-teen pop,7.045917500000001,6.534493,-4.602109400000001,3635,0.001775852,35,2452,dance pop
viral pop,6.820952,5.428757,-3.6182373,1158,0.000775981,35,2452,dance pop
uk pop,5.7880254,6.5107775000000006,-4.3934526,2263,0.000445563,35,2452,dance pop
social media pop,4.3963,4.6490225999999994,-6.1790400000000005,2505,0.000371785,35,2452,dance pop
boy band,9.530315,7.2041535,-6.5016885,1584,0.000348599,35,2452,dance pop
girl group,9.583210000000001,7.0779314,-6.4646344000000004,507,0.00034182300000000005,35,2452,dance pop
indie cafe pop,4.917257299999999,6.236746,-3.1537302000000005,540,0.000313409,35,2452,dance pop
funk,15.218904,7.6337,-6.280449,1936,0.0025025620000000003,36,1936,funk
urban contemporary,12.032912,8.549906,-7.584937599999999,1153,0.002162195,36,1936,funk
soul,15.7118845,6.9787173,-6.603318700000001,1942,0.00204523,36,1936,funk
quiet storm,13.973076999999998,7.4982433,-7.252646,2373,0.001762325,36,1936,funk
r&b,11.653547,9.271985,-7.740846,3566,0.00166607,36,1936,funk
hip pop,11.34338,9.229771000000001,-8.221413,940,0.001439717,36,1936,funk
motown,15.210523,6.3873014,-6.9931235,1965,0.001302973,36,1936,funk
dirty south rap,14.682638,6.1554337,-7.9019455999999995,1105,0.001260882,36,1936,funk
neo soul,12.597814,9.197716,-7.5354366,188,0.001118775,36,1936,funk
new jack swing,12.629126,8.212982,-7.6789955999999995,2074,0.001073526,36,1936,funk
classic soul,15.21989,5.891787,-6.076103,1112,0.00096202,36,1936,funk
deep pop r&b,10.881093,10.246578,-8.034883500000001,2214,0.000739492,36,1936,funk
post-disco,13.678257,6.0670867,-7.111715299999999,93,0.000726961,36,1936,funk
southern soul,15.551588,5.333932,-6.1481376,3197,0.000661954,36,1936,funk
electro,12.596160000000001,6.0516653,-9.636784,2219,0.000516755,36,1936,funk
philly soul,14.110226999999998,4.948873000000001,-6.2453356,880,0.000252596,36,1936,funk
reggae,1.9383471999999997,-2.444906,-12.730611999999999,3712,0.001061986,37,3712,reggae
roots reggae,2.0175919999999996,-2.035445,-12.837621,2759,0.001044218,37,3712,reggae
dancehall,1.7095588,1.0467527,-13.414628,2742,0.000901595,37,3712,reggae
lovers rock,2.1287458,-1.1631725,-12.710593,2397,0.0008677110000000001,37,3712,reggae
dub,2.5811017000000005,-2.5159222999999997,-12.221689999999999,2487,0.000729437,37,3712,reggae
rock steady,2.0022995,-3.052336,-11.772269,2292,0.00056176,37,3712,reggae
reggae fusion,3.0188599,0.18084559,-13.06495,2627,0.000508745,37,3712,reggae
modern reggae,1.6742823,-0.5088226,-12.588275,4,0.000482222,37,3712,reggae
soca,1.7352321,0.9861889000000001,-12.268107,1832,0.00034920400000000004,37,3712,reggae
rap kreyol,2.4257624,0.22386248,-9.382809,3410,0.000127686,37,3712,reggae
east coast reggae,2.2535898999999997,-1.493309,-9.173893,2047,0.00010030700000000001,37,3712,reggae
uk reggae,2.5632935000000003,-0.76042914,-10.01769,815,0.00010006799999999999,37,3712,reggae
