,x,y,id,city,population,g_x,g_y,rank,geohash_norm
263,3.5000117,-11.052392,2361,Tokyo,31480498,139.751389,35.685,1,0.9466022382990718
13,2.0435066,14.635235,1294,Mexico City,19028000,-99.131,19.4424,2,0.29149360464377805
179,14.002915,10.138499,1293,São Paulo,18845000,-46.625,-23.5587,3,0.029575838515365247
80,-6.415143,6.370781,1135,Delhi,15926000,77.23,28.67,4,0.5049781982678374
6,-6.1771,6.6678696,1100,Kolkata,14787000,88.3247,22.495,5,0.9138291753084269
115,2.8262074,15.423098,3209,Buenos Aires,13076300,-58.6725,-34.5875,6,0.011369320556532385
83,-1.1884906,4.048305,1292,Los Angeles,12815475,-118.4068,34.1139,7,0.3095882257944522
98,-6.392969,6.387212,3013,Mumbai,12691836,72.82583299999999,18.975,8,0.48892493780654434
187,-0.94423956,-1.456592,1019,Cairo,11893000,31.25,30.05,9,0.49288729451058455
169,13.605329,9.879261,1280,Rio de Janeiro,11748000,-43.225,-22.925,10,0.033357345783516575
418,1.2999741,-4.2826877,2650,Manila,10443877,120.9822,14.6042,11,0.9186504156210363
49,7.795375,-1.5266947,1246,Istanbul,10061000,29.01,41.105,12,0.5519210262570396
104,-1.1700339,3.7583823,1289,Chicago,8675982,-87.6862,41.8373,13,0.3939148701180481
4,4.27687,-7.062921,2362,Jakarta,8540306,106.829444,-6.174444,14,0.6782936523057698
267,1.8210095,15.406324,2669,Lima,7646786,-77.05,-12.05,15,0.07879712745772266
55,-2.2384953,3.0523605,2372,London,7421228,-0.093689,51.514125,16,0.5408396131636615
471,3.7059233,-10.191403,3276,Hong Kong,7392000,114.173011,22.321542,17,0.91705664216429
27,2.1187332,15.363178,2809,Bogotá,7102602,-74.062827,4.649178,18,0.10278659343171785
196,3.777959,-9.983665,1238,Taipei,6900273,121.5683,25.0358,19,0.9372779075175904
500,5.421461,-9.023788,1237,Bangkok,6704000,100.5166,13.75,20,0.9093236654491085
82,-0.8744046,4.1553345,1267,Miami,6381966,-80.2102,25.7839,21,0.3352936444427509
209,-5.497043,7.0886526,1101,Hyderabad,6376000,78.48,17.4,22,0.4892092161840285
261,-1.0754621,3.9705935,1288,Dallas,5733259,-96.7662,32.7936,23,0.3377777535838733
233,-0.4738371,3.617096,1276,Philadelphia,5637884,-75.1339,40.0077,24,0.39502113639978975
240,3.933201,-8.376133,3277,Singapore,5612000,103.836695,1.295121,25,0.6930894345824041
220,13.286461,11.711763,1225,Belo Horizonte,5575000,-43.915,-19.915,26,0.03416118825942398
118,1.5271372,15.05076,1278,Madrid,5567000,-3.6834,40.4,27,0.5212262196600878
58,-1.2371118,3.9991992,1285,Houston,5446468,-95.3905,29.7869,28,0.33413112733312406
50,-0.21818456,3.7481153,1270,Washington,5289420,-77.0163,38.9047,29,0.3948989571822327
192,-0.86411685,3.6767492,1287,Atlanta,5228750,-84.4225,33.7627,30,0.33864026627811256
229,-1.1840831,3.3352852,1286,Toronto,5213000,-79.42,43.7,31,0.3961159105769097
237,-6.178926,6.9355454,3234,Bengaluru,5104047,77.583333,12.983333,32,0.4842107555212002
102,2.0255044,15.038539,2373,Santiago,4837248,-70.666667,-33.45,33,0.004895636568844662
340,1.9657897,5.2178407,1172,Boston,4637537,-71.0846,42.3188,34,0.39664273284667295
85,-1.730597,2.930681,1295,Sydney,4630000,151.1852,-33.92,35,0.6352956404398694
348,0.232237,-3.054335,937,Riyadh,4465000,46.7727,24.6408,36,0.4938054531850973
270,-5.0947127,7.373543,3182,Chennai,4328063,80.283333,13.083333,37,0.48466681062039824
236,1.8365391,14.743458,1275,Guadalajara,4198000,-103.33,20.67,38,0.2922460350726936
198,-1.6326449,2.9682503,1291,Melbourne,4170000,144.975,-37.82,39,0.6049189836866551
522,-0.8918495,-1.534611,614,Alexandria,4165000,29.95,31.2,40,0.49619278670835276
120,-0.21559879,4.005972,1255,Phoenix,4081849,-112.0891,33.5722,41,0.31060255523922026
97,13.172356,12.137106,1224,Porto Alegre,3917000,-51.2,-30.05,42,0.027761295680359812
265,-6.718087,6.9454765,3270,Ahmedabad,3719710,72.616667,23.033333,43,0.4902344328858066
135,13.20985,12.645481,1226,Brasília,3716996,-47.9161,-15.7833,44,0.08734846299149161
420,7.5324335,-1.2035658,1244,Ankara,3716000,32.8644,39.9272,45,0.5515181977476684
42,2.1546006,15.104591,1235,Monterrey,3712000,-100.33,25.67,46,0.30632749231994744
476,3.6046097,-11.292699,1091,Yokohama,3697894,139.58,35.32,47,0.9463826786160361
315,13.195635,11.656934,1219,Recife,3651000,-34.9156,-8.0756,48,0.19902692116234774
64,-1.1328994,3.3899555,1273,Seattle,3643765,-122.3244,47.6211,49,0.3685826424461489
244,1.0162193,0.8756909,2323,Casablanca,3609698,-7.619156999999999,33.592779,50,0.4600628194729479
204,-1.0693111,3.5660293,1279,San Francisco,3603761,-122.443,37.7562,51,0.36240351924534375
284,13.5870495,12.11564,1220,Fortaleza,3602319,-38.58,-3.75,52,0.0945903034459983
504,1.2885661,5.4279523,1143,Detroit,3522206,-83.1024,42.3834,53,0.3943122549989143
8,13.702646,12.517056,1221,Salvador,3484000,-38.48,-12.97,54,0.0892501038825773
46,7.7988057,-6.8518357,2321,Ho Chi Minh City,3467426,106.66666699999999,10.75,55,0.9099490778795736
2,-18.84086,15.216284,1003,Johannesburg,3435000,28.03,-26.17,56,0.17524128883348486
487,-19.266645,15.119115,2221,Cape Town,3433504,18.423218,-33.925839,57,0.13283723732224284
239,-3.9774413,0.2234114,1274,Berlin,3406000,13.4015,52.5218,58,0.5435414674449845
304,0.6154562,0.7207993,1013,Algiers,3354000,3.0506,36.7631,59,0.4685458072265983
214,2.1356506,15.664749,1169,Medellín,3297000,-75.575,6.275,60,0.10267288208072417
146,-1.5071828,3.0955307,2371,Montreal,3268513,-73.583333,45.5,61,0.40010427572825163
328,-2.161682,0.07337277,995,Athens,3242000,23.7333,37.9833,62,0.5241524724053398
814,3.5567567,-11.555866,1090,Nagoya,3230000,136.915,35.155,63,0.9459502125736932
253,1.2568825,7.5699115,1247,San Diego,3210314,-117.1225,32.8312,64,0.30870998706230957
290,-19.063313,15.430318,1979,Durban,3120340,31.029197999999997,-29.857896000000004,65,0.17413199831368487
183,13.612305,10.581734,1227,Curitiba,3084000,-49.32,-25.42,66,0.029135509454070594
425,-0.74386144,-1.6951177,741,Jeddah,3012000,39.2192,21.5169,67,0.4783261931072776
738,-18.77208,15.626463,388,Benoni,2986000,28.3299,-26.1496,68,0.17524189368109652
222,-4.0061135,-0.21862055,1261,Stuttgart,2944700,9.2,48.78,69,0.527895874273956
123,-6.754782,7.105361,2318,Pune,2935968,73.866667,18.533333,70,0.48872110416141207
25,-0.36503163,3.4977381,1258,Minneapolis,2926757,-93.2678,44.9635,71,0.39703588379425747
769,-5.9255543,6.541602,2268,Surat,2894675,72.9,20.966667,72,0.4898727340140288
103,4.090093,-6.9006586,1236,Surabaya,2845000,112.7508,-7.2492,73,0.678019656337684
545,-5.44744,6.399513,2698,Kanpur,2823523,80.35,26.466666999999998,74,0.5044852474643275
613,13.211952,10.94425,1243,Lisbon,2812000,-9.1449,38.7227,75,0.5142202697741317
268,0.6090237,4.3620367,1176,Tampa,2804240,-82.4451,27.9942,76,0.3346289169175272
308,3.3732014,-11.581023,1089,Fukuoka,2792000,130.41,33.595,77,0.9431769862741931
281,12.971133,12.176867,1222,Campinas,2791000,-47.1,-22.9,78,0.03289282281775518
106,-0.58207905,3.3670402,1259,Denver,2787266,-104.8759,39.7621,79,0.36528924720061406
47,1.3463391,-3.8595288,2963,Quezon City,2761720,121.0509,14.6488,80,0.9186504156210363
450,-6.7035184,7.072455,2707,Jaipur,2711937,75.81666700000001,26.916666999999997,81,0.5040116517843912
294,-6.8314238,6.5919704,1099,Lucknow,2695000,80.915,26.855,82,0.504511860759241
926,-1.1760318,-1.3165463,283,Giza,2681863,31.19,30.01,83,0.49288729451058455
141,2.5873363,-1.4109609,2363,Rome,2643736,12.483333,41.9,84,0.5246375601898979
292,3.871828,-9.579239,1057,Taichung,2629323,120.6817,24.1521,85,0.9371714543379368
264,-1.2777579,3.9412296,1284,Brooklyn,2629150,-73.9496,40.6501,86,0.3962846630605652
190,3.6418536,-10.920882,2991,Osaka,2592413,137.26666699999998,35.95,87,0.9461836837517972
144,2.4582398,15.414217,1171,Guayaquil,2514000,-79.92,-2.22,88,0.09722139055675617
205,7.7140694,-0.81796867,2365,Izmir,2501895,27.138376,38.412726,89,0.5506423784059725
860,3.8740163,-9.319593,899,George Town,2500000,100.3294,5.4136,90,0.6953364434597525
883,1.4841352,0.846697,202,Tunis,2412500,10.1797,36.8028,91,0.47039664091830385
463,-3.9020042,0.26422602,1240,Vienna,2400000,16.3666,48.2,92,0.5297285625373115
99,4.53804,-7.098324,1153,Bandung,2394000,107.57,-6.95,93,0.677465011077784
629,4.0508,-6.542487,1148,Bekasi,2378211,106.9723,-6.2173,94,0.6782954668486049
493,-5.187006,-0.015778622,1129,Mannheim,2362000,8.47,49.5004,95,0.5281214824331084
581,-0.67648304,3.433232,1254,Vancouver,2313328,-123.1216,49.2734,96,0.3688844614043715
92,-3.8688858,3.0711443,1269,Birmingham,2285000,-1.92,52.475,97,0.5410640116275904
610,3.3026605,-12.2282295,1087,Sendai,2250000,141.0217,38.2871,98,0.9996649144231357
289,-4.2607975,2.869145,1187,Manchester,2230000,-2.248,53.5004,99,0.5410386080279004
614,-5.499618,6.571273,2628,Nagpur,2228191,79.1,21.15,100,0.4904618555877939
78,4.69395,5.1330705,837,Baltimore,2170504,-76.6144,39.3051,101,0.39491891715341776
319,13.904368,12.160454,1218,Belém,2167000,-48.48,-1.45,102,0.10739795162307833
582,4.3533955,-6.892413,1151,Medan,2115000,98.65,3.58,103,0.6949838173021499
86,-0.49888128,0.97773975,2603,Paris,2110694,2.333333,48.866667,104,0.5276932503240471
609,2.4832528,16.026915,1159,Santa Cruz,2102998,-63.226,-17.7539,105,0.031858533401802086
108,-0.25562736,4.2917933,1250,Riverside,2084749,-117.3948,33.9381,106,0.30961423424175394
356,-0.16098468,3.9042404,1262,Las Vegas,2073045,-115.2654,36.2333,107,0.31006484571244697
405,0.525056,4.16449,1260,Portland,2052796,-122.65,45.5371,108,0.36764694319089775
442,3.0655277,-12.16974,1088,Hiroshima,2045000,132.4429,34.3878,109,0.945689523253064
460,-6.385404,6.742224,1098,Indore,2026000,75.865,22.7151,110,0.49030822429443016
258,13.310801,12.684492,1223,Goiânia,2022000,-49.3,-16.72,111,0.03440615154214971
680,0.6382772,4.7043,1174,San Antonio,2002530,-98.5254,29.4658,112,0.307623680751753
302,-2.7675862,0.04479897,998,Bucharest,1942000,26.0999,44.4334,113,0.5554920465563303
624,0.9614938,1.3231878,2143,Rabat,1894386,-6.844268,34.013784,114,0.4608981140246621
126,2.4873602,15.680364,1193,Asunción,1870000,-57.6415,-25.2964,115,0.027250199448499948
482,-1.8414985,2.7528715,1290,Brisbane,1860000,153.0351,-27.455,116,0.6501942468104873
342,0.033803165,4.481494,1252,Sacramento,1854698,-121.4683,38.5667,117,0.3625099724249974
70,-0.24661604,4.6282573,1253,San Jose,1821899,-121.8489,37.3021,118,0.36238658351221703
494,2.3152335,14.719715,3096,Iztapalapa,1820888,-99.05194399999999,19.351111,119,0.29149239494855467
656,3.574941,13.2280035,2769,Ecatepec,1806297,-99.0525,19.601111,120,0.29154683123360486
271,2.6419494,17.923496,1116,Barranquilla,1798000,-74.8,10.96,121,0.31537419804767286
325,-1.0148237,4.3648443,1265,Orlando,1776841,-81.3369,28.4772,122,0.33630494964946056
467,-4.3617167,0.4676087,1277,Hamburg,1757000,10.0,53.55,123,0.5434809826838177
153,13.260242,12.793239,1217,Manaus,1753000,-60.0,-3.1,124,0.10475900149336875
307,4.0203676,-6.3308725,1083,Palembang,1749000,104.75,-2.98,125,0.6918797393590672
215,-0.6932004,3.5751593,1266,Cleveland,1730363,-81.6805,41.4767,126,0.39574211475289855
590,-6.9258122,6.849587,1097,Bhopal,1727000,77.41,23.25,127,0.49040560475990874
202,1.5331364,4.8300533,1093,Pittsburgh,1715297,-79.9763,40.4396,128,0.3948499645256876
266,13.657689,10.808908,1197,Santos,1709000,-46.3329,-23.9537,129,0.029557088239403524
370,-3.3693135,-1.3414756,1245,Warsaw,1707000,21.0,52.25,130,0.5439491347352491
685,13.638312,11.222656,1205,Vitória,1704000,-40.366,-20.324,131,0.03379283606391788
148,2.3843641,15.523437,1167,Quito,1701000,-78.5001,-0.215,132,0.0975855088189806
359,-3.3551419,1.128316,1188,Budapest,1679000,19.0833,47.5,133,0.530109011685051
645,1.6474713,4.740168,1138,Cincinnati,1648254,-84.506,39.1412,134,0.3930469137953038
217,0.7934958,4.2269015,1256,Austin,1638716,-97.7517,30.3006,135,0.3077089642649983
16,0.07288589,4.041135,1248,Kansas City,1615621,-94.5541,39.1239,136,0.3923029512329516
397,-6.4409165,7.2306867,2599,Patna,1600085,85.116667,25.6,137,0.5045723455204079
390,2.6279635,15.936503,1122,La Paz,1590000,-68.15,-16.498,138,0.07812514176115898
154,1.7043849,14.876071,2369,Barcelona,1570378,2.1741,41.398371000000004,139,0.5227111205467339
131,0.5701971,4.4948325,1177,Indianapolis,1564699,-86.1458,39.7771,140,0.3930039696148754
10,2.6591961,14.76658,1161,Tijuana,1553000,-117.08,32.5,141,0.3086906319387362
415,-6.375215,6.41473,2270,Ludhiana,1545476,75.85,30.9,142,0.5085746221668181
555,-1.8934942,2.7076166,1282,Perth,1532000,115.84,-31.955,143,0.5997420929783845
160,3.2402754,13.399565,1128,Toluca,1531000,-99.67,19.3304,144,0.29148937071049635
22,-4.1556983,3.1322656,1186,Leeds,1529000,-1.58,53.83,145,0.5411613920930691
87,3.3974748,-11.466607,2689,Kobe,1528487,135.182995,34.691303999999995,146,0.9458915423553613
293,1.7553593,4.5647306,1173,Columbus,1528314,-82.9851,39.986,147,0.3931563912130158
221,-4.709457,7.3883324,974,Kochi,1519000,76.2239,10.015,148,0.2723925170672875
419,3.0110254,15.667628,1165,Montevideo,1513000,-56.1711,-34.858,149,0.01139472415622246
748,3.8205557,11.972962,3177,Ciudad Juárez,1512354,-106.483333,31.733333,150,0.31048158571688655
125,13.836898,10.943009,1112,Niterói,1500513,-43.1,-22.9,151,0.033357345783516575
337,7.6485705,-0.9620839,930,Bursa,1492000,29.07,40.2,152,0.5510694008198105
924,1.6872234,7.063872,427,Virginia Beach,1480383,-76.0435,36.7335,153,0.3417594654114869
259,-0.06468529,3.7960439,1268,Charlotte,1467362,-80.8304,35.2079,154,0.34126711945558874
278,3.922603,-7.766717,2360,Kuala Lumpur,1453978,101.7,3.166667,155,0.6933743178075
134,2.8848183,15.556758,1164,Córdoba,1452000,-64.1823,-31.4,156,0.01201469295818265
369,0.39400858,-3.2264829,391,Doha,1450000,51.533,25.2866,157,0.4944006232349791
423,2.2927196,15.285259,1162,San Salvador,1433000,-89.203,13.71,158,0.31452801623894866
737,7.7170396,-6.7155647,2320,Hanoi,1431377,105.85,21.033333,159,0.9161185235185921
898,-4.8931117,6.2857356,2849,Agra,1430194,78.016667,27.183333,160,0.5052921141782933
779,-5.8559566,6.2784433,2214,Vadodara,1409565,73.2,22.3,161,0.4901697141913581
338,-1.481688,1.6333259,1233,The Hague,1406000,4.27,52.08,162,0.5413567578716381
901,-6.062255,6.784668,1096,Meerut,1398000,77.7,29.0004,163,0.505192314322368
230,4.628426,-6.8747587,1152,Semarang,1396000,110.42,-6.9666,164,0.6779198564817587
459,2.2142417,14.655137,2590,Puebla,1392137,-98.2,19.05,165,0.2915032822055647
300,0.5094855,-3.4131968,1145,Dubai,1379000,55.28,25.23,166,0.5010575760490024
296,1.5408826,6.149045,220,Milwaukee,1377808,-87.9673,43.0642,167,0.3942045921240373
376,-2.0268185,3.0473592,1281,Auckland,1377200,174.763,-36.8481,168,0.6346986558471526
250,4.5473886,-6.9085712,2322,Tangerang,1372185,106.63,-6.178056,169,0.6782936523057698
530,-19.135782,15.253098,988,Pretoria,1338000,28.2294,-25.7069,170,0.1752999590518167
176,13.804576,11.425284,1111,Porto,1337000,-8.62,41.15,171,0.5153894402074869
750,3.4281812,-13.288223,2695,Kawasaki,1306804,139.717222,35.520556,172,0.9465973995181783
383,7.6566987,-0.8872895,928,Adana,1293000,35.32,36.995,173,0.49831882606336747
727,-4.6114917,3.0683837,1183,Sheffield,1292900,-1.5,53.3667,174,0.5411438515123307
662,-5.7622156,6.664435,975,Jabalpur,1285000,79.9551,23.1751,175,0.49085803077343676
60,2.2449849,15.219643,1180,San José,1284000,-84.0841,9.935,176,0.10204021147891894
74,1.9449084,15.64336,1168,Panama City,1281000,-79.533,8.968,177,0.10367874365892885
879,-0.91647583,-1.23497,3261,Amman,1275857,35.933333000000005,31.95,178,0.4967728355679428
690,-4.3900294,6.887976,2063,Kalyan,1262355,73.15,19.25,179,0.4889467123205644
245,3.991544,-6.6600595,1082,Makassar,1262000,119.432,-5.14,180,0.6856752125585719
323,-2.1041207,2.4664347,2524,Stockholm,1253309,18.05,59.333332999999996,181,0.5489717893025442
568,-1.0934502,-1.4748906,1871,Beirut,1252010,35.5097222,33.8719444,182,0.4979075296874329
130,-3.9458447,0.19763692,2370,Munich,1246133,11.5833,48.15,183,0.5295628342917144
965,3.0804248,-6.4971056,2607,Palembang,1241334,104.75,-2.916667,184,0.6918797393590672
665,0.32755607,0.5871649,1131,Geneva,1240000,6.14,46.21,185,0.5268404151915945
414,-4.3739142,6.109955,656,Amritsar,1212000,74.87,31.64,186,0.5086290584518683
484,13.59996,11.643099,1203,Vila Velha,1209091,-40.318,-20.3676,187,0.03379283606391788
389,5.31383,4.577879,262,Providence,1206642,-71.4187,41.823,188,0.3964213586208023
707,3.4400535,15.775393,1157,Rosario,1203000,-60.6663,-32.9511,189,0.011871344074217222
242,-0.6942418,13.986294,2925,Santiago de los Caballeros,1200000,-70.7,19.45,190,0.321106338863455
173,-4.7642794,6.497704,2473,Ghaziabad,1199306,77.43333299999999,28.666666999999997,191,0.5049800128106724
692,3.842653,-6.5143156,2777,Depok,1198195,106.49888899999999,-6.343333,192,0.6782918377629348
410,3.842033,-11.553768,2938,Saitama,1193350,139.65,35.9,193,0.9466167546417518
506,13.756979,10.157369,1109,Maceió,1186000,-35.73,-9.62,194,0.1987111907090568
693,-4.703835,6.23001,2584,Rajkot,1177434,70.783333,22.3,195,0.49012374577287127
114,13.581158,12.177413,2737,Guarulhos,1169601,-46.526175,-23.45068,196,0.029577048210588583
219,-4.6941333,6.4634595,2504,Varanasi,1164520,83.0,25.333333,197,0.5043201240663421
194,-2.880225,1.6278305,1189,Prague,1162000,14.466,50.0833,198,0.5300043730482323
646,-3.5563502,2.7744079,1264,Glasgow,1160000,-4.2507,55.8744,199,0.5421599954999338
400,2.3780084,-1.1116472,2366,Milan,1156903,9.2,45.466667,200,0.5266583560604824
409,5.162522,4.988679,817,Jacksonville,1156291,-81.6749,30.3322,201,0.3366170510170815
200,-1.850438,6.975604,954,Ottawa,1145000,-75.7,45.4167,202,0.3996754387715787
75,-2.2755651,2.7218375,1272,Adelaide,1145000,138.6,-34.935,203,0.6080031016585526
505,4.045601,11.263442,765,Torreón,1144000,-103.42,25.5701,204,0.306176885264642
925,-2.8581972,2.6880398,1009,Newcastle,1134616,151.815,-32.8453,205,0.636164806457837
543,2.6023765,14.557639,2670,León,1114662,-101.666667,21.116667,206,0.2923034955958021
212,0.9021961,5.272483,1137,Calgary,1110000,-114.08,51.083,207,0.38286974788137
845,-0.9928241,-2.1748505,365,Sharjah,1103027,55.4065,25.3714,208,0.5012656436274163
71,1.3409467,4.3859105,1239,Salt Lake City,1098400,-111.93,40.7774,209,0.36593945838315767
139,13.689922,12.363373,1196,Natal,1088000,-35.24,-5.78,210,0.1999795561507256
76,-2.4631245,2.1313314,1241,Copenhagen,1085000,12.5635,55.6786,211,0.5446695082407463
168,1.2154205,4.34127,1182,Nashville,1076645,-86.7843,36.1715,212,0.33967697508451233
761,2.480021,5.7302604,985,Memphis,1068873,-89.9773,35.1046,213,0.3389826100263169
152,-4.299169,8.164107,1984,Visakhapatnam,1063293,83.3,17.7,214,0.4893785735152957
740,-4.1229525,0.21863209,2097,Sofia,1062065,23.3166667,42.6833333,215,0.5256355587491509
660,2.0062008,6.1069646,128,Richmond,1059907,-77.4756,37.5295,216,0.3945880655098351
166,1.1370411,4.945169,1142,Edmonton,1058000,-113.5,53.55,217,0.3832592697432845
201,-6.1068325,6.352467,1095,Ranchi,1044000,85.33,23.37,218,0.4910388802093257
334,7.834701,-0.74235934,927,Gaziantep,1044000,37.385,37.075,219,0.49843616650003114
252,13.067516,11.876825,1209,São Luís,1038000,-44.266,-2.516,220,0.1072697239294046
279,-1.6374013,2.2308714,1283,Amsterdam,1031000,4.9166,52.35,221,0.5415726884690036
31,3.8482609,5.471981,999,New Orleans,1029123,-89.9288,30.0687,222,0.33433738036870303
391,-2.2908607,2.5500386,2773,Dublin,1024027,-6.2488889,53.3330556,223,0.5343792358234305
174,2.4092267,15.0555725,1170,Guatemala City,1024000,-90.527,14.6211,224,0.314182648252686
19,13.240622,12.326379,1215,Florianópolis,1023000,-48.52,-27.58,225,0.028144769066157628
741,-18.657173,15.6395,389,Port Elizabeth,1021000,25.6,-33.97,226,0.1594692825116176
299,-0.599165,1.027119,2367,Brussels,1019022,4.3333330000000005,50.833333,227,0.541259982253771
783,2.1069272,5.552341,852,Raleigh,1018336,-78.6438,35.8324,228,0.3415241796905479
454,1.6937671,4.595924,1139,Louisville,1011696,-85.6485,38.1663,229,0.3926967070281478
523,-1.2929589,-0.9097774,32,Haifa,1011000,34.98,32.8204,230,0.49699541948903686
710,-1.3207697,-1.7516171,315,Medina,1010000,39.58,24.5,231,0.4918959492750599
73,2.5094805,18.496067,1052,Bucaramanga,1009000,-73.1259,7.1301,232,0.10395757840790802
275,-1.9421307,2.0499492,1263,Rotterdam,1005000,4.48,51.92,233,0.5413525239383563
20,14.002604,9.568667,2263,Nova Iguaçu,1002129,-43.431886999999996,-22.759188,234,0.033356740935904905
404,4.7525687,17.075974,774,Cochabamba,1000000,-66.17,-17.41,235,0.03186518672553044
728,2.7554238,-12.605834,2059,Kitakyushu,997545,130.833333,33.833333,236,0.9440068371974023
186,2.379927,14.496425,2330,Zapopan,987555,-103.4,20.716667,237,0.2922460350726936
980,-4.2977686,6.4194903,2528,Srinagar,975926,74.802222,34.092222,238,0.5097903658662718
72,-4.3868847,-0.0529653,2331,Cologne,968823,6.95,50.933333000000005,239,0.5413851857093864
37,2.2096474,14.918582,1155,Mérida,965000,-89.6166,20.9666,240,0.3190928011642107
433,-4.58547,7.9411016,3173,Coimbatore,959823,76.961389,10.9925,241,0.48384179847808245
733,3.5412383,-9.015396,56,Klang,956000,101.55,3.0204,242,0.6933543578363149
642,13.930619,11.605554,1199,João Pessoa,956000,-34.8761,-7.1011,243,0.19910797074231132
188,3.2534354,5.822757,1119,Oklahoma City,955998,-97.5137,35.4676,244,0.3125628663486378
823,7.9254675,-6.1136475,143,Huế,950000,107.58,16.47,245,0.9115712791740684
528,1.8565747,17.281767,1059,Tegucigalpa,946000,-87.2175,14.102,246,0.31458547676205717
306,0.90486354,1.4756851,2121,Marrakesh,942631,-8.008281,31.631484999999998,247,0.45970837877251014
937,2.3823621,6.64864,1428,Bridgeport,938406,-73.1953,41.1918,248,0.39631671998398366
14,3.6424332,4.945328,948,Buffalo,926261,-78.8487,42.9017,249,0.39604574825395616
533,15.295738,8.945244,18,Olinda,921840,-34.85,-8.0,250,0.19903055024801777
633,-4.31129,6.3973002,2704,Jodhpur,921540,73.03,26.286666999999998,251,0.5038616495766974
163,1.9455156,17.328104,1058,Managua,920000,-86.2685,12.153,252,0.31365159204964105
231,3.0240054,-11.496653,3181,Chiba,919729,140.1167,35.6,253,0.9466010286038484
892,8.044201,-1.1584079,926,Konya,919000,32.475,37.875,254,0.5511498455521624
800,4.683306,-6.5037155,1149,Bogor,918000,106.75,-6.57,255,0.677461381992114
580,0.65140516,5.9500556,74,Hartford,914751,-72.6834,41.7661,256,0.39639172108783055
770,-6.92649,6.8417606,2269,Chandigarh,914374,76.7933,30.7343,257,0.5085903482047216
151,-3.934019,7.8782344,1912,Madurai,909988,78.116667,9.933333,258,0.2728183297859021
345,13.653924,10.974757,1108,Teresina,907000,-42.78,-5.095,259,0.09414090167052862
891,3.3134418,-13.418414,400,Naha,905238,127.673,26.2072,260,0.9380974760314013
172,-6.651628,6.7901926,2272,Guwahati,899132,91.733333,26.183332999999998,261,0.9276088135974582
597,3.8119774,15.952303,1085,Mendoza,893000,-68.8166,-32.8833,262,0.005032332129081739
189,1.6467966,15.841944,1025,Concepción,889725,-73.05,-36.83,263,0.00031210136762093474
352,2.3968964,18.148466,470,Cartagena,887000,-75.5144,10.3997,264,0.3153433508194778
775,3.7663975,10.98949,895,Mexicali,885000,-115.48,32.65,265,0.3088206741752449
698,-5.303744,2.9150286,1117,Newcastle upon Tyne,882000,-1.6,55.0004,266,0.5420710829010185
479,14.059538,9.620576,279,Novo Hamburgo,876990,-51.14,-29.7096,267,0.027767949004088164
413,3.8116937,-8.95524,1001,Johor Bahru,875000,103.73,1.48,268,0.6931033460774725
688,-3.9261987,8.183073,1890,Vijayawada,874684,80.616667,16.516666999999998,269,0.48590614337670696
331,0.94989425,5.0263577,1136,Fort Worth,874168,-97.3472,32.7812,270,0.3113501468872425
735,3.391404,12.606221,1126,Aguascalientes,869000,-102.2904,21.8795,271,0.2923706336806973
510,4.7628827,4.8920565,255,Tucson,868391,-110.8782,32.1545,272,0.3105112232498583
803,-4.454876,7.193813,3011,Mysore,868313,76.649722,12.307222,273,0.4841248671603433
724,3.1314888,-11.928598,1006,Okayama,866092,133.9171,34.672,274,0.9457778310043676
677,3.6174407,-6.1682177,1078,Bandar Lampung,865000,105.27,-5.43,275,0.67833357224814
777,4.215222,10.648338,432,Tampico,859419,-97.87,22.3,276,0.2927474537427668
544,-4.7580194,6.0343924,885,Jalandhar,855000,75.569,31.3349,277,0.5086320826899267
676,3.609052,-6.3819046,1072,Padang,855000,100.36,-0.96,278,0.6903972578628678
512,0.63408434,16.725763,967,Valparaíso,854000,-71.621,-33.0478,279,0.004892007483174652
518,2.7928686,-0.9815858,2296,Turin,846489,7.6666669999999995,45.05,280,0.5266262991370639
674,3.9936945,12.950212,2298,Naucalpan,846222,-99.238333,19.479444,281,0.29149299979616633
56,1.5879604,8.527831,204,El Paso,845674,-106.4309,31.8479,282,0.3104827954121099
947,-4.409351,7.7061586,1652,Hubli,840285,75.166667,15.35,283,0.4853260945171169
107,-2.0337024,2.3429685,1242,Oslo,835000,10.75,59.9167,284,0.5484244022139843
310,3.635614,12.97485,1125,Cuernavaca,834001,-99.24,18.9211,285,0.29147243497736963
358,5.36805,4.577227,865,Honolulu,833671,-157.846,21.3294,286,0.2793016913353765
456,4.241632,16.06359,1084,San Miguel de Tucumán,830000,-65.2166,-26.816,287,0.02570662834352199
746,-6.622533,0.29169473,949,Basel,830000,7.59,47.5804,288,0.5277876065514674
216,1.4880188,4.347515,1141,Omaha,827786,-96.0498,41.2628,289,0.39322110990746434
12,14.970042,9.83775,670,Braga,826833,-8.4213,41.555,290,0.5154475055782071
54,-3.5518067,2.9084008,1271,Nottingham,825600,-1.17,52.9703,291,0.5410863909892222
766,1.3347441,1.4961475,1891,Tangier,825316,-5.813646,35.780576,292,0.46121868325884635
940,13.932538,10.057067,2772,Duque de Caxias,818339,-43.325009,-22.790321,293,0.03335855547873991
48,2.0278873,15.4538765,1156,Arequipa,815000,-71.53,-16.42,294,0.07797634924868854
145,1.4222922,-3.6003358,1181,Cebu City,815000,123.9001,10.32,295,0.9177879029267971
606,0.3538079,17.974066,3202,Callao,813264,-77.15,-12.066666699999999,296,0.07879047413399431
320,-4.299831,3.1982925,1185,Liverpool,811000,-2.918,53.416,297,0.5410361886374537
210,2.6287122,14.849259,1154,Culiacán,809000,-107.38,24.83,298,0.3054831250540583
377,1.5715134,15.011764,1163,Valencia,808000,-0.4,39.485,299,0.5212758171642445
316,13.872517,12.573638,1213,Cuiabá,806000,-56.085,-15.5696,300,0.08549279051889272
617,4.5542173,-6.5522537,1147,Malang,805000,112.61,-7.98,301,0.6779458649290604
330,4.295931,9.785601,309,McAllen,800904,-98.2471,26.2273,302,0.3064387842804944
616,3.7240071,-6.454859,1079,Pekanbaru,799000,101.425,0.565,303,0.6929672553648472
899,0.7714109,1.1855778,736,Oran,798000,-0.62,35.71,304,0.4679893474238633
473,-0.33928865,0.74214745,2648,Marseille,792823,5.37606,43.285413,305,0.5230758436565699
797,7.301313,-0.8820689,929,Antalya,783000,30.7,36.89,306,0.49784099645014934
806,-3.969537,8.1555,2937,Salem,778396,78.166667,11.65,307,0.4843311201959222
346,13.3835,12.54237,1214,Campo Grande,778000,-54.6166,-20.45,308,0.03140852677872073
691,-6.7045627,0.09101319,445,Saarbrücken,770001,6.97,49.2504,309,0.5280688606908932
701,-1.0727503,-1.7084945,3162,Dammam,768602,50.103263,26.434417,310,0.4945760290423629
681,2.1838996,15.720988,1160,Trujillo,765171,-79.02,-8.12,311,0.08261794982063245
394,8.334637,-1.0006663,916,Trabzon,764714,39.72,40.98,312,0.55258817317271
638,-6.987827,6.639077,2271,Bhubaneswar,762307,85.833333,20.233333,313,0.9126261334088183
539,2.6556847,6.9828186,218,Albuquerque,758523,-106.6464,35.1053,314,0.31169430517828184
768,4.0358415,11.583135,939,Saltillo,754000,-101.005,25.42,315,0.3062168052070121
441,12.899175,12.400003,1212,São José dos Campos,753769,-45.8799,-23.2,316,0.032884959798803494
808,-4.5157275,6.51386,2847,Aligarh,753280,78.083333,27.883333,317,0.5053169129303717
917,-18.844252,15.706721,2031,Pietermaritzburg,750864,30.39278,-29.616784999999997,318,0.17414409526591823
612,4.011183,-9.258042,900,Hsinchu,750000,120.9767,24.8168,319,0.937234963337162
282,2.598745,5.2507677,1014,Birmingham,744189,-86.7987,33.5277,320,0.33851203858443885
234,13.624132,12.331721,2333,São Bernardo do Campo,743386,-46.55,-23.7,321,0.029570999734471897
501,-4.343364,0.55866617,1002,Riga,742572,24.1,56.95,322,0.5455404888015489
631,-3.6643538,-1.6123748,977,Gdańsk,740000,18.64,54.36,323,0.5449616496371822
734,-0.7888046,-1.7971647,366,Muscat,734697,58.5933,23.6133,324,0.48779266307750097
341,4.489911,-6.4564896,1146,Denpasar,732344,115.22,-8.65,325,0.6777746930549583
521,3.9853992,10.2133875,2738,Guadalupe,724949,-100.25,25.683332999999998,326,0.30632870201517076
184,4.609949,10.832743,2739,Guadalupe,724949,-100.25,25.683332999999998,327,0.30632870201517076
585,-4.967193,-0.4057262,1115,Bremen,724909,8.8,53.08,328,0.5417529330572809
736,2.1086907,18.317253,469,Cúcuta,722146,-72.52,7.92,329,0.10403439405458992
815,-4.931852,6.1075144,2124,Moradabad,721210,78.783333,28.833333000000003,330,0.5056036106983026
434,-1.505009,6.9736032,953,Hamilton,721053,-79.83,43.25,331,0.3960941360628896
718,3.0831766,-12.110484,1008,Kumamoto,718232,130.7006,32.8009,332,0.9431013803227346
884,1.8144181,5.450288,92,Dayton,718169,-84.1998,39.7797,333,0.3931201003563157
365,3.3575282,13.376888,2517,Tlalnepantla,715798,-99.22166700000001,19.526944,334,0.2915450166907698
622,4.360048,11.893907,692,Acapulco de Juárez,715584,-99.916,16.85,335,0.28784395415497044
719,-1.4101198,-0.7727617,1498,Jerusalem,714685,35.23,31.78,336,0.4967661822442145
93,0.9501428,5.9328003,71,Rochester,711998,-77.6162,43.168,337,0.39620724256627166
819,2.0380168,5.5188594,1433,Sarasota,706245,-82.543,27.3386,338,0.334554520661292
583,3.364008,-11.797945,1007,Shizuoka,701561,138.3854,34.9858,339,0.9459477931832464
859,2.3014338,18.693014,595,Soledad,698852,-74.77,10.92,340,0.31537419804767286
133,1.6198583,9.044355,338,Fresno,698021,-119.7941,36.7831,341,0.30997835250397837
318,4.5317464,16.096025,1029,La Plata,694253,-57.96,-34.9096,342,0.011362667232804031
507,13.417723,11.75759,1110,Aracaju,685356,-37.12,-10.9,343,0.08961543184002506
180,2.1370885,16.805553,1060,San Pedro Sula,680091,-88.03,15.5,344,0.3148516097111913
754,-6.6682096,6.2570977,2585,Raipur,680066,81.633333,21.233333,345,0.49055500211999087
794,-4.149289,7.4706264,449,Nellore,678004,79.9899,14.44,346,0.48553597663836584
317,13.61549,12.383779,2334,Osasco,677869,-46.783333,-23.566667000000002,347,0.02956918519163689
515,3.3907108,-8.450441,649,Ipoh,673318,101.065,4.6,348,0.6967572304995618
438,3.0127494,6.064642,83,Tulsa,672054,-95.9043,36.1284,349,0.3390255542067454
195,2.349403,-1.4647747,2194,Palermo,669582,13.366667000000001,38.116667,350,0.5234859303372812
615,-1.8221718,6.74189,3026,Mississauga,668549,-79.5,43.15,351,0.3960911118248313
772,14.077457,8.930468,1325,São José dos Pinhais,665063,-49.18,-25.57,352,0.029122807654225556
443,13.305972,12.785666,1211,Santo André,662373,-46.5278,-23.6528,353,0.029572209429695236
430,1.4073824,1.6583445,2850,Agadir,656110,-9.593161,30.420664000000002,354,0.45950938390827123
914,-1.219528,-1.6586242,1346,Irbid,650000,35.85,32.55,355,0.49700025826993016
455,-4.063219,0.35320252,3136,Frankfurt am Main,650000,8.683333,50.116667,356,0.5281843865847219
873,2.8567894,-13.213766,1593,Sagamihara,648811,139.354444,35.553056,357,0.9465901413468384
301,7.8982425,-1.0324368,921,Diyarbakır,644763,40.23,37.9204,358,0.5530079374152079
524,1.0527397,-3.7568138,2899,Taguig,644473,121.0488,14.4736,359,0.918649205925813
565,3.2845314,13.103663,1127,Morelia,644306,-101.1895,19.7334,360,0.29143372473022283
113,-1.8707654,1.7849602,1234,Utrecht,640000,5.12,52.1003,361,0.5413646208905897
90,4.691064,-6.755404,1150,Yogyakarta,636660,110.375,-7.78,362,0.6778418311398535
232,-0.3913074,14.643585,2280,Zaragoza,635509,-0.884861,41.645309999999995,363,0.5222605090760408
575,-1.6673477,6.776922,952,Winnipeg,632063,-97.166,49.883,364,0.37210285554605943
945,0.8714552,6.191288,173,Cape Coral,630134,-81.9955,26.6445,365,0.33372043580480115
480,1.032834,5.568058,872,Springfield,628076,-72.5395,42.1155,366,0.3963983744115589
499,2.5548556,14.695027,3166,Coyoacán,628063,-99.160278,19.328889,367,0.29149239494855467
21,13.303684,11.50117,2265,Contagem,627132,-44.1,-19.916667,368,0.03416058341181231
34,1.8791242,5.981147,77,Colorado Springs,623946,-104.7606,38.8674,369,0.3652112218587088
526,-0.6054909,-1.6407504,314,Port Said,623864,32.29,31.26,370,0.49669722961648427
101,3.997255,5.214025,250,Charleston,616085,-79.963,32.8151,371,0.3402673063535008
407,3.366214,-6.712706,1068,Palu,612445,119.833,-0.907,372,0.6996369099787154
695,7.7782183,-1.030466,925,Samsun,609339,36.3437,41.28,373,0.5525434144494465
206,3.110518,13.772552,2889,Tlalpan,607545,-99.166667,19.283333,374,0.291491790100943
393,3.4333203,-6.1693087,1077,Pontianak,607311,109.32,-0.03,375,0.6927597926340449
511,1.289669,1.3415842,578,Constantine,605179,6.5999,36.36,376,0.4686806882440004
322,4.3097744,-6.1418486,1080,Banjarmasin,603576,114.5801,-3.33,377,0.6793200787027712
664,-0.7119549,-2.2242317,390,Abu Dhabi,603492,54.3666,24.4667,378,0.494371590549619
327,7.6166167,-6.103678,3119,Haiphong,602695,106.682222,20.856111,379,0.9161439271182822
122,1.8758674,6.373458,232,Grand Rapids,602694,-85.6557,42.9615,380,0.3941918903241923
112,-3.1691606,7.4560084,2923,Scarborough,600000,-79.2,43.75,381,0.3961177251197447
887,13.203784,12.297675,1200,Canoas,600000,-51.18,-29.92,382,0.027762505375583148
961,0.07282857,6.277927,48,Albany,597270,-73.7987,42.6664,383,0.39661249046608954
793,0.75714034,17.857738,246,Chiclayo,596792,-79.8366,-6.7629,384,0.08271533028611107
33,2.6033764,14.735594,1158,Hermosillo,595811,-110.9541,29.0989,385,0.30680108799988387
798,-2.559192,2.7581437,719,Nagano,594311,138.17,36.65,386,0.9462556606175857
3,-4.57134,0.08484508,2326,Dortmund,594255,7.45,51.516667,387,0.54145897711801
804,8.03801,-6.5050077,142,Vinh,593645,105.68,18.7,388,0.9151652836826026
366,7.9567018,-1.3503827,919,Kayseri,592840,35.49,38.735,389,0.5512756538553895
272,3.6309412,-6.8555984,1076,Samarinda,592228,117.15,-0.5,390,0.6995504167702469
672,2.4993727,-1.5536664,2193,Genoa,585815,8.95,44.416667,391,0.5265754919376837
594,2.3974652,5.19032,993,Knoxville,585249,-83.9496,35.9692,392,0.33979794460684604
260,2.9723508,5.6597867,795,Baton Rouge,583613,-91.131,30.4419,393,0.33763682409035456
124,-4.6377816,-0.44486934,2325,Düsseldorf,577139,6.766667,51.216667,394,0.5414027262901249
491,-4.3545685,-0.48847684,2766,Essen,576914,7.016667,51.45,395,0.5414565577275633
956,2.195837,16.390842,709,Quetzaltenango,575263,-91.52,14.83,396,0.31415845434821926
578,1.6031457,8.994778,330,Bakersfield,574362,-119.0359,35.353,397,0.30967774324097913
872,2.165246,6.4274397,108,Ogden,573632,-111.9677,41.228,398,0.36595881350673104
321,3.5843437,-7.6318088,1000,Kuching,570407,110.33,1.53,399,0.6937142421652577
36,-3.592392,-1.8116419,2593,Poznan,570352,16.966667,52.416667,400,0.5435892504063063
683,2.6305974,-12.241562,739,Niigata,569797,139.04,37.92,401,0.9995693485004921
276,2.1187205,17.981907,468,Pereira,568750,-75.68,4.8104,402,0.10237590190339495
158,4.2703934,12.845372,2501,Veracruz,568336,-96.133333,19.2,403,0.3179568973494973
28,5.6121764,4.6335764,266,Columbia,566166,-80.9037,34.0376,404,0.34116731959966345
474,0.29110965,4.0928745,1179,Akron,565920,-81.5219,41.0798,405,0.3956846542297901
373,12.910426,12.520456,1216,Uberlândia,563536,-48.28,-18.9,406,0.03408618715557709
227,13.735334,12.272221,1207,Sorocaba,563281,-47.47,-23.49,407,0.02956616095357855
77,-2.610856,1.7690607,2724,Helsinki,558457,24.934167000000002,60.17555600000001,408,0.5756727871196491
644,1.0007025,14.843892,2329,Málaga,557875,-4.4348019999999995,36.726665999999994,409,0.46792644327224975
208,4.5140743,15.897417,1032,Mar del Plata,555897,-57.58,-38.0,410,0.007663419239839619
837,3.1645863,-12.372175,815,Kagoshima,555352,130.5611,31.586,411,0.9428491588686688
655,4.2778716,-6.2186503,1081,Surakarta,555308,110.825,-7.565,412,0.6778490893111935
132,-4.4317565,2.7452908,1191,Bristol,553528,-2.5833,51.45,413,0.5407210630317745
876,2.373835,4.9735374,2495,Washington,552433,-77.0366667,38.895,414,0.3948989571822327
936,3.1941407,-13.315304,686,Kanazawa,551249,136.64,36.56,415,0.9462181600656623
534,-4.3853197,0.794199,2098,Vilnius,542381,25.3166667,54.6833333,416,0.5715906705884986
362,4.223083,12.765846,901,Cancún,542043,-86.83,21.17,417,0.31960026831040056
177,4.1157136,10.329229,121,Heroica Matamoros,538785,-97.5,25.88,418,0.306388581928726
992,3.0042472,-13.011441,1442,Ōtsu,536976,135.8674,35.0064,419,0.945906663545653
59,-4.11783,7.9750414,1889,Guntur,530636,80.45,16.3,420,0.48590069974820194
878,3.5556056,-7.2675343,1016,Kota Kinabalu,527671,116.11,5.98,421,0.7044424242534215
466,-2.477646,3.1966882,1011,Gold Coast,527660,153.4482,-28.0815,422,0.6501240844875338
7,3.9650803,-7.7160635,2324,Petaling Jaya,520712,101.65,3.083333,423,0.6933610111600432
669,13.4132805,12.235221,1208,Londrina,520238,-51.18,-23.3,424,0.03271620731514799
185,1.8806065,18.230097,428,Bello,519670,-75.57,6.33,425,0.10267288208072417
62,-6.1943436,0.013729707,2205,Hanover,519144,9.716667,52.366667,426,0.5433836022183391
759,-4.534986,7.0076756,2771,Durgapur,518922,87.31666700000001,23.483333,427,0.9138757485745254
412,5.1134768,16.18332,2962,Quilmes,518788,-58.252646,-34.72418,428,0.011357223604299015
787,7.9934855,-0.8223258,922,Eskişehir,514869,30.53,39.795,429,0.5510863365529372
869,3.0188007,-6.520855,225,Banda Aceh,513698,95.32,5.55,430,0.6951713200617671
608,4.6420875,16.15837,1027,Salta,512686,-65.4166,-24.7834,431,0.026847370939128742
862,1.6270609,1.0585582,68,Blida,511348,2.83,36.4203,432,0.46852705695063657
931,0.6713303,16.716011,2968,Puente Alto,510417,-70.583333,-33.616667,433,0.004068809883693853
908,-0.9242387,-2.174341,1350,Suez,508335,32.5499,30.005,434,0.4933106878387525
453,4.5207705,11.253989,2198,San Nicolás de los Garza,507837,-100.3,25.75,435,0.30632870201517076
877,3.1899726,-6.892864,172,Bukittinggi,506964,100.3615,-0.3031,436,0.6904601620144812
640,3.3873093,-8.976432,60,Kota Bharu,505583,102.23,6.12,437,0.6970735658004644
529,13.488745,11.84449,1195,Jundiaí,505548,-46.88,-23.2,438,0.032875282237016794
475,-4.8187647,-0.10123832,2301,Duisburg,505271,6.75,51.433333000000005,439,0.5414559528799516
486,-4.3364935,2.8226945,1118,Edinburgh,504966,-3.2191,55.9483,440,0.5421902378805172
659,2.0550122,5.8691,114,Provo,503695,-111.6457,40.2457,441,0.36510537352666683
452,0.98984736,16.298235,1005,Viña del Mar,503534,-71.54,-33.03,442,0.004905918978243027
709,1.5609578,1.0263232,201,Annaba,503524,7.76,36.92,443,0.46873089059576883
402,-4.668221,3.304383,1184,Brighton,503008,-0.17,50.8303,444,0.5407670314502613
117,-5.2362475,2.8330414,945,Bradford,501700,-1.75,53.8,445,0.5411607872454575
752,4.138056,-9.186777,472,Keelung,500000,121.7333,25.1333,446,0.9372791172128139
795,5.0744653,16.768408,188,San Lorenzo,500000,-57.52,-25.34,447,0.027252013991334954
286,3.772354,-9.449922,973,Taoyuan District,500000,121.3111,24.9889,448,0.9372512942226771
948,3.2389488,-6.3294706,1067,Mataram,499409,116.135,-8.5795,449,0.6843844677552714
161,15.700468,9.419468,711,Macapá,499166,-51.05,0.033,450,0.10745178306051682
604,4.434785,10.475861,833,Reynosa,498654,-98.3,26.08,451,0.3063855576906676
15,-4.476248,-0.38164723,2327,Nuremberg,497593,11.068333,49.447778,452,0.5297884424508668
717,4.9344893,4.9550514,259,Mesa,496401,-111.7181,33.4017,453,0.3106001358487736
668,3.8885221,11.104753,1642,Tlaquepaque,493667,-103.31666700000001,20.65,454,0.2922460350726936
235,-4.497488,-0.33335492,2328,Leipzig,492637,12.333333,51.3,455,0.54314468741173
347,4.771326,16.073038,1024,Santa Fe,489505,-60.69,-31.6239,456,0.012162275775429759
729,1.8386359,6.744475,52,Toledo,488672,-83.5822,41.6639,457,0.3940824129064803
722,1.4651614,5.3291545,745,Wichita,483057,-97.3441,37.6897,458,0.36554086380706813
723,16.376604,8.918116,938,Feira de Santana,481911,-38.97,-12.25,459,0.08932147590075419
406,3.7443762,-8.313141,1017,Shah Alam,481654,101.55,3.0667,460,0.6933543578363149
973,3.5190246,-12.914039,1722,Himeji,481496,134.7,34.816666999999995,461,0.9457887182613777
109,1.7321193,4.609491,1140,Des Moines,481222,-93.6105,41.5725,462,0.39331909522055464
380,4.166425,12.524274,2231,Tuxtla Gutiérrez,481143,-93.116667,16.75,463,0.3144699508682285
53,-4.934113,-0.72213125,2274,Dresden,480801,13.75,51.05,464,0.543248721200937
732,14.547256,9.574039,831,Americana,479472,-47.33,-22.7499,465,0.032892217970143516
620,0.6569495,6.197329,75,Staten Island,476015,-74.1496,40.5834,466,0.3962828485177302
588,3.677799,13.105415,2299,Cuautitlán Izcalli,475199,-99.246667,19.646944,467,0.2915462263859932
667,8.070618,-6.430886,2779,Da Nang,472255,108.22083300000001,16.067778,468,0.911515633193795
905,2.8410861,-11.866231,2060,Matsudo,470287,139.9,35.783333,469,0.9466040528419067
765,13.480828,12.402399,1202,Juiz de Fora,470193,-43.375,-21.77,470,0.033439000211091814
570,1.9331474,9.133808,859,Long Beach,469450,-118.1675,33.798,471,0.3095845967087822
967,3.3581307,-12.721939,2623,Nishinomiya,468929,135.333333,34.716667,472,0.9458927520505847
262,3.6340785,-11.268696,2696,Kawaguchi,468574,139.72055600000002,35.805,473,0.9466034479942951
449,1.2988946,5.4835043,155,Greenville,467894,-82.3649,34.8362,474,0.3395874576379854
861,13.836881,9.286018,1509,Belford Roxo,466101,-43.404654,-22.761995000000002,475,0.033356740935904905
970,-2.1770613,-0.05347709,508,Piraeus,466065,23.7,37.95,476,0.5241004555107364
619,-4.979783,6.197317,2706,Jammu,465600,74.866667,32.733333,477,0.5088794653630991
257,-0.47071415,0.66214806,2368,Lyon,463700,4.846711,45.748457,478,0.5267121874979208
916,-18.867826,15.509619,1483,Bloemfontein,463084,26.214002999999998,-29.121065,479,0.1740219160483612
822,8.201602,-1.4430884,910,Malatya,461574,38.3,38.3704,480,0.5514014621586164
424,13.768124,12.833961,2335,Joinville,461312,-48.833333,-26.3,481,0.029060508350223703
974,2.078572,16.98153,2641,Mixco,460576,-90.60638900000001,14.633332999999999,482,0.314182648252686
384,-0.6693069,1.4598476,2351,Antwerp,459805,4.4166669999999995,51.216667,483,0.5412793373773445
228,0.49078733,18.030329,199,Iquitos,458729,-73.25,-3.75,484,0.08452503434022315
977,2.9781466,-12.098232,2712,Ichikawa,458249,139.924722,35.719722,485,0.9466028431466834
199,-4.972649,3.5851922,947,Leicester,457983,-1.1332,52.63,486,0.5410682455608722
560,3.1002343,10.287179,882,Durango,457140,-104.67,24.0311,487,0.3054486487401932
255,14.014199,10.620759,1106,Volta Redonda,456362,-44.095,-22.5196,488,0.03299927599740883
67,1.082189,-3.8604422,3248,Bacolod City,454898,122.9533,10.6677,489,0.9173911228935426
882,1.6893201,1.3200182,730,Sfax,453050,10.72,34.75,490,0.4700760716841195
280,-4.7574925,2.6667435,386,Sunderland,452934,-1.38,54.92,491,0.5420692683581835
687,3.31461,-6.49338,1070,Manado,451893,124.85,1.48,492,0.7011169720844682
416,-1.9471732,7.1476145,243,Oshawa,450963,-78.85,43.88,493,0.3994280560984063
426,4.948526,15.757272,1031,San Juan,447048,-68.52,-31.55,494,0.005326892915964288
599,4.1276,-6.294998,1075,Balikpapan,445905,116.83,-1.25,495,0.6994760205140116
35,1.2773118,-3.8254304,2319,Cagayan de Oro,445212,124.643056,8.481111,496,0.7060773273477614
627,-19.175116,15.333253,1484,Boksburg,445182,28.254732,-26.214953,497,0.17524068398587317
833,2.728166,5.540271,319,Little Rock,442699,-92.358,34.7255,498,0.33891849617948006
755,-5.0545645,2.7209558,167,Portsmouth,442252,-1.08,50.8003,499,0.5407573538884746
725,3.5578678,-12.735544,1721,Amagasaki,442176,135.416667,34.716667,500,0.9458945665934196
689,14.633573,9.523767,326,Foz do Iguaçu,440455,-54.53,-25.5235,501,0.027382661075455346
332,-6.5621433,-0.5852052,1427,Denton,440146,-97.1419,33.2176,502,0.31140881710557433
991,3.6952772,-13.178251,321,Wakayama,440006,135.1677,34.2231,503,0.9458334769846412
922,-4.256123,8.278061,3076,Kozhikode,439922,75.766667,11.25,504,0.48385933905882084
726,1.3186275,6.1370068,38,Madison,439553,-89.3923,43.0827,505,0.39419249517180394
841,3.432652,-13.126073,701,Nagasaki,435455,129.885,32.765,506,0.9430923076085596
875,15.81483,9.43729,1681,Ananindeua,433956,-48.383333,-1.366667,507,0.10739916131830166
40,-2.980682,6.6796927,3217,Brampton,433806,-79.766667,43.683333000000005,508,0.39611349118646305
611,5.3292904,4.9318824,421,Reno,433271,-119.8483,39.5497,509,0.3627591696410048
207,5.0981607,16.44672,1021,San Luis,432310,-66.35,-33.3,510,0.011659647410133254
388,2.3587747,18.408468,467,Santa Marta,431781,-74.2017,11.2472,511,0.31584416464193926
241,3.6328716,12.9726095,1124,Villahermosa,428564,-92.9,18.0,512,0.31785770234118366
651,-4.7458463,2.4953756,940,Bournemouth,426945,-1.9,50.73,513,0.5407507005647462
52,-6.738438,-0.18682475,950,Heidelberg,426590,8.7,49.42,514,0.5281202727378851
437,4.05848,12.985101,3250,Azcapotzalco,425298,-99.183611,19.488889,515,0.2915450166907698
382,1.4501003,8.013196,1251,Oakland,425195,-122.2165,37.7903,516,0.36240714833101373
45,3.5578477,12.74965,2300,Xalapa,425166,-96.916667,19.533333,517,0.31801072878693576
274,1.1076304,-4.2540607,968,Batangas,424508,121.0217,13.7817,518,0.9185729951267428
821,-3.664622,1.587292,2250,Bratislava,423737,17.1166667,48.15,519,0.5301428831513044
988,8.60744,-1.1798801,908,Erzurum,420691,41.29,39.9204,520,0.5533859671725008
44,1.2852639,1.0010905,1879,Kenitra,420534,-6.580203,34.261008000000004,521,0.46091928369107044
654,-5.8079586,6.842712,3041,Mangalore,417387,74.835278,12.863889,522,0.48415813377898503
641,16.379576,9.348748,891,Campina Grande,417261,-35.88,-7.23,523,0.19909466409485463
731,-1.6125348,7.3257184,808,Kitchener,417001,-80.5,43.45,524,0.39608022456782127
119,3.464518,5.776606,812,Winston-Salem,416581,-80.261,36.1029,525,0.3415054294145861
776,7.754333,-6.1516795,144,Nha Trang,411556,109.17,12.25,526,0.9106736853183525
1,-0.123707026,0.5724881,2513,Toulouse,411145,1.433188,43.599515999999994,527,0.522627046728712
850,13.979488,8.876866,663,Ipatinga,407894,-42.52,-19.4796,528,0.03460514640638864
84,-3.7298346,-2.2732491,935,Szczecin,407811,14.53,53.4204,529,0.5436303800438999
784,2.9938216,6.7106338,298,Durham,407575,-78.9032,35.9795,530,0.34153809118561623
663,1.9487857,5.5852003,154,Chattanooga,407182,-85.2487,35.0657,531,0.339553586171732
758,14.2174225,8.57769,1943,Ribeirão das Neves,406840,-44.1,-19.783333,532,0.03416542219270566
116,-1.2395766,14.406042,1104,Murcia,406807,-1.13,37.98,533,0.5210102890627221
81,1.4340204,1.2893239,2987,Oujda,405253,-1.9076389999999999,34.680525,534,0.4677419647506909
816,-0.72369105,-1.6993442,1892,Tanta,404934,30.998055600000004,30.791111100000002,535,0.4962024642701395
238,4.564629,12.782565,2857,Xochimilco,404458,-98.06666700000001,20.8625,536,0.29244684447976754
375,1.6050273,8.069634,93,Spokane,403043,-117.433,47.6671,537,0.3690913192875621
661,2.6936278,-12.994854,2655,Machida,399971,139.45083300000002,35.540278,538,0.94659074619445
495,-1.2995299,1.7592847,1231,Eindhoven,398053,5.5,51.43,539,0.5413428463765697
564,5.8543625,-9.089274,845,Chiang Mai,397211,98.98,18.8,540,0.9133368293525288
762,0.62950385,18.237068,245,Piura,396932,-80.63,-5.21,541,0.08361050475138042
439,0.7776181,4.702034,1121,Arlington,396394,-97.1251,32.6998,542,0.3113471226491841
283,-2.548567,6.9596777,2903,Surrey,394976,-122.821343315,49.136353351000004,543,0.3688838565567598
29,1.4701594,9.395003,860,Stockton,394467,-121.3111,37.9766,544,0.36248940760620063
150,-4.240337,7.785765,1469,Kollam,394198,76.591667,8.880556,545,0.2723023947731489
785,14.694729,9.410138,2539,Serra,394160,-40.3,-20.116667,546,0.03379767484481122
314,-3.807949,0.89094037,1056,Tallinn,394024,24.728,59.4339,547,0.5756080684252006
181,-2.963741,2.6506174,1094,Wellington,393400,174.7833,-41.3,548,0.6334036771105703
812,-5.054394,3.241571,943,Stoke-on-Trent,390801,-2.18,53.0004,549,0.5409811475047919
540,14.111339,8.930948,1531,Diadema,390641,-46.616667,-23.7,550,0.029570999734471897
943,1.2406611,8.836043,1374,Oxnard,389792,-119.1819,34.1962,551,0.30959366942295724
138,5.588798,4.826621,265,Scranton,389022,-75.6649,41.4044,552,0.39593506114102084
985,6.396939,-9.106157,488,Samut Prakan,388920,100.6115,13.6069,553,0.909322455753885
554,-4.7407146,3.2852402,946,Coventry,388271,-1.5,52.4204,554,0.5410628019323671
305,1.5789402,17.257757,871,Alajuela,387743,-84.23,10.02,555,0.10203839693608394
18,4.6214786,16.157219,1028,Resistencia,387158,-58.99,-27.46,556,0.02629151598400541
248,-4.721454,0.0612782,2810,Bochum,387061,7.216667,51.483333,557,0.5414583722703983
675,1.8422033,7.6580377,822,Boise,385218,-116.2312,43.6007,558,0.3645350022288634
960,2.9444597,-12.614526,1660,Toyonaka,384463,135.466667,34.783333,559,0.9458945665934196
57,-4.369685,2.768001,1192,Southampton,384417,-1.4,50.9,560,0.5407579587360862
865,4.7699423,12.161404,3097,Iztacalco,384326,-99.084722,19.396667,561,0.29149360464377805
591,14.378861,9.265939,1729,Betim,384038,-44.216667,-19.966667,562,0.03416058341181231
363,3.9787474,12.206201,970,Celaya,383697,-100.8,20.53,563,0.29238575487098906
468,1.9484438,18.392956,187,Pasto,382236,-77.2811,1.2136,564,0.09860891097792367
556,-0.63520825,14.486717,3066,Las Palmas de Gran Canaria,381847,-15.413429999999998,28.099727,565,0.45537222624445883
826,1.2251115,8.734934,336,Modesto,381398,-121.0028,37.6374,566,0.36243376162592716
357,13.489729,12.608761,1206,Caxias do Sul,381270,-51.17,-29.18,567,0.027838716174653378
142,0.35251263,18.172308,2716,Huancayo,380098,-75.2333333,-12.066666699999999,568,0.07882918438114109
489,-0.8476421,14.642129,2606,Palma,378884,2.655222,39.574337,569,0.5217324771110543
621,3.215135,-6.3114266,2787,Cimahi,378027,107.275278,-6.698333,570,0.6774625916873374
223,-5.037343,-0.29283223,1113,Karlsruhe,377487,8.4,49.0,571,0.5280942642905833
329,-3.6173754,1.2845199,2245,Brno,377407,16.633333,49.2,572,0.5299662676486973
339,-1.8586991,6.396306,3065,Laval,376845,-73.733333,45.6,573,0.40031113361144227
517,8.074201,-1.1597085,917,Kahramanmaraş,376045,36.945,37.61,574,0.5513010574550795
589,2.3611,18.137415,463,Manizales,375848,-75.52,5.06,575,0.1023825552271233
942,3.5889494,-13.132338,3027,Minato,375339,141.8,40.2,576,1.0
842,2.1603951,18.470049,464,Villavicencio,374763,-73.635,4.1533,577,0.10273094745144434
17,-3.7434492,0.5030027,2032,Kaunas,374655,23.9,54.9,578,0.5452120565484129
963,1.5862962,5.3746758,677,Kissimmee,374231,-81.4164,28.3042,579,0.3362886187639455
550,3.5764513,-8.742642,62,Seremban,372917,101.94,2.7105,580,0.6933555675315383
874,7.6965423,-0.90564656,920,Denizli,372344,29.08,37.7704,581,0.5506859274340127
831,8.369428,-1.5219857,423,Van,371713,43.4,38.4954,582,0.553130116632765
197,-4.4201355,3.1617215,944,Reading,369804,-0.98,51.47,583,0.5408365889256032
786,0.9849133,5.4594636,411,Valletta,368250,14.5147,35.8997,584,0.4704813195839374
546,3.1410584,10.120933,634,Mazatlán,368204,-106.42,23.2211,585,0.29219704241614847
601,2.8295572,-1.464902,2294,Bologna,367168,11.333333,44.483333,586,0.5282666458599088
774,2.0104206,7.0041733,824,Aurora,366623,-104.7274,39.7084,587,0.36528864235300235
838,-3.2433586,-1.873745,2169,Bydgoszcz,366452,18.019987,53.127062,588,0.5440882496859328
893,3.5295553,-8.535651,61,Kuantan,366229,103.32,3.83,589,0.6967209396428616
372,1.0572898,1.1172096,1878,Tétouan,365355,-5.372424,35.571090999999996,590,0.46782119978781944
639,-4.9382353,-0.07652782,2285,Wuppertal,363240,7.183333,51.266667,591,0.5414051456805715
164,-2.801944,3.060256,1190,Christchurch,363200,172.63,-43.535,592,0.6329306862782457
976,3.2323244,-13.536684,2511,Toyota,362386,137.15,35.083333,593,0.9459496077260815
353,0.28729698,18.255264,244,Cusco,361182,-71.9722,-13.525,594,0.07837675836761307
788,-3.4256878,-2.1878893,934,Lublin,360044,22.5727,51.2504,595,0.5438832063455773
809,-1.4759691,7.221866,842,Halifax,359111,-63.6,44.65,596,0.4068858271502786
968,3.6996503,-8.800759,57,Sungai Petani,358499,100.4793,5.6497,597,0.6953515646500442
670,0.95821625,-4.100269,2933,San Jose del Monte,357828,120.88333300000001,14.8,598,0.9186552544019297
398,5.0749764,16.279503,1026,Posadas,357119,-55.8851,-27.3578,599,0.026344137726220566
403,5.016004,16.661636,25,Encarnación,357119,-55.8739,-27.3472,600,0.026344137726220566
596,1.2779427,-3.7226558,2248,Bacoor,356987,120.929034,14.459026999999999,601,0.918649205925813
982,-0.6157008,-1.7504078,1715,Tabuk,355469,36.571505,28.399804,602,0.4931576613930003
38,4.3611484,12.398316,3231,Benito Juarez,355017,-104.616667,24.016667,603,0.30586175965896273
912,4.9153476,16.762726,874,Santiago del Estero,354692,-64.2667,-27.7833,604,0.025653401753695165
643,3.0909352,-12.788022,1389,Mito,353892,140.48,36.3704,605,0.9466778442505303
760,2.538628,18.546442,462,Neiva,352855,-75.3302,2.931,606,0.0989573032022447
288,-0.7248196,4.334679,1257,Anaheim,352497,-117.8573,33.839,607,0.30961060515608396
989,2.974512,-13.258686,2438,Okazaki,352364,137.15,34.916667,608,0.9459350913834014
178,4.3165574,11.567281,2199,Apodaca,352246,-100.2,25.766667,609,0.30632870201517076
971,3.2646198,-12.604654,1793,Suita,351634,135.533333,34.75,610,0.9458945665934196
566,4.714446,12.471856,2709,Ixtapaluca,351015,-98.883333,19.316667000000002,611,0.29151840339585644
984,3.9137578,-8.80577,58,Kuala Terengganu,350210,103.12,5.3304,612,0.6970263876867543
635,-1.3689835,1.758957,1228,Haarlem,349957,4.63,52.3804,613,0.541566639992887
605,0.26627338,17.791292,1043,Chimbote,349846,-78.57,-9.07,614,0.08239173681386842
805,4.5551677,10.318747,1775,Nuevo Laredo,349562,-99.516667,27.5,615,0.30727891761310194
520,4.4926353,10.022827,433,Nuevo Laredo,349550,-99.55,27.5,616,0.30727891761310194
26,-0.45658362,14.171236,2279,Bilbao,349270,-2.938764,43.260919,617,0.5224474069880464
856,1.5295627,9.073631,747,Lancaster,349218,-118.1753,34.6934,618,0.3096614123554641
562,-5.3274083,-0.6580582,890,Linz,349161,14.2888,48.3192,619,0.5296928765282231
94,-1.5950047,7.4723372,3142,Etobicoke,347948,-79.56666700000001,43.7,620,0.3961140960340747
128,2.5878255,-1.4009364,2281,Florence,347194,11.25,43.766667,621,0.5249163949388771
824,1.253758,9.474592,1351,Victorville,346948,-117.3536,34.5277,622,0.3096384281462207
630,-1.4540287,6.9387097,841,London,346765,-81.25,42.97,623,0.3960009895306927
167,-3.8596437,-0.054333467,2364,Zurich,346185,8.55,47.366667,624,0.5277924453323607
969,2.8369527,-13.059761,1441,Maebashi,344871,139.0727,36.3927,625,0.9466657472982969
381,4.714561,12.720291,2890,Tlahuac,344106,-99.003333,19.281667000000002,626,0.29149239494855467
607,14.591368,8.655677,869,Piracicaba,342209,-47.64,-22.71,627,0.032791813266606545
935,1.9051826,5.130982,1375,Fayetteville,341890,-94.166,36.0713,628,0.3390606353682222
632,-0.37950775,0.5354555,2311,Nice,341621,7.259519999999999,43.713644,629,0.5232113295215837
465,3.3397355,6.940556,310,Corpus Christi,341435,-97.3755,27.7261,630,0.3073242811839771
386,4.6668086,15.824865,1030,Corrientes,340823,-58.81,-27.49,631,0.026290306288782074
910,-5.782621,0.017338485,1426,Plovdiv,340494,24.754,42.154,632,0.5518460251531928
906,2.985882,-13.446404,2697,Kashiwa,340228,139.968889,35.854444,633,0.9466040528419067
747,3.810732,12.119352,969,Irapuato,339554,-101.5,20.67,634,0.2922847453198404
469,-19.029432,15.690117,23,East London,338627,27.87,-32.97,635,0.16037352969106197
897,2.8969667,6.000465,638,Jackson,338185,-90.2124,32.3163,636,0.33796102241020887
303,7.89499,-6.452459,137,Phan Thiết,336846,108.1001,10.9337,637,0.9099660136127004
374,14.67822,9.641723,1612,Itaquaquecetuba,336686,-46.35,-23.483333,638,0.029576443362976913
364,-1.2073879,14.137152,861,Gijón,335972,-5.67,43.53,639,0.5224201888455213
436,2.9963415,5.7106624,809,Greensboro,335588,-79.8268,36.0956,640,0.34153204270949955
24,2.2413905,6.8542533,630,Flint,335354,-83.6922,43.0235,641,0.3943860464075378
69,14.3432865,8.647447,997,Bauru,335024,-49.08,-22.33,642,0.032834152599423336
89,5.9326344,-9.387084,498,Nakhon Ratchasima,334984,102.1,15.0,643,0.9110843768466753
121,-0.89703566,14.516916,3264,Alicante,334757,-0.48772200000000004,38.34619,644,0.5210254102530139
870,3.1202996,-13.519294,1347,Takamatsu,334223,134.0448,34.3447,645,0.9457276286525991
91,-0.10946782,5.0499907,1130,Santa Ana,334136,-117.8819,33.7366,646,0.3087843833185448
864,15.894627,8.867685,285,Montes Claros,332379,-43.86,-16.72,647,0.03457369433058188
745,14.095896,9.434735,1888,Cariacica,330681,-40.416667,-20.266667,648,0.03379404575914121
911,-4.3704453,6.2116394,2034,Patiala,329248,76.400278,30.326666999999997,649,0.505278202683225
790,1.7639452,6.5623713,51,Fort Wayne,328564,-85.1436,41.0885,650,0.39398140335533166
256,13.313268,12.566288,1210,Maringá,328335,-51.93,-23.4095,651,0.02775827144230147
817,-2.77324,2.9768445,1015,Canberra,327700,149.129,-35.283,652,0.6348879731496048
411,-4.934348,-0.37780416,2284,Bielefeld,327198,8.533333,52.033333,653,0.5415152279458951
742,13.865651,9.606067,1102,Itajaí,327126,-48.68,-26.8996,654,0.028214326541499503
43,1.3329359,1.4047716,577,Sousse,327004,10.625,35.83,655,0.47031317194789357
949,1.4061978,5.0972924,1362,Ann Arbor,326288,-83.7312,42.2755,656,0.39428261746594256
136,14.035855,8.873312,3025,Mogi das Cruzes,325746,-46.183333000000005,-23.516667,657,0.029576443362976913
894,3.1846848,-13.223546,2883,Toyama,325532,140.966667,36.983333,658,0.9467286514499105
111,-5.8428664,7.197409,2266,Thrissur,325140,76.216667,10.516667,659,0.4838121609451107
839,2.976654,5.6446633,203,Fayetteville,324700,-78.9776,35.0846,660,0.34129796668378387
836,3.0590322,-12.941621,320,Miyazaki,324384,131.4184,31.9182,661,0.9445221673625438
287,1.5475191,8.842568,332,Santa Rosa,321908,-122.7067,38.4458,662,0.36247247187307396
457,5.306601,4.398534,631,Lansing,320928,-84.5601,42.7142,663,0.39430015804668095
309,4.639054,16.913065,189,Ciudad del Este,320872,-54.6161,-25.5167,664,0.027382661075455346
592,14.162338,9.7137575,234,Pelotas,320674,-52.33,-31.75,665,0.01279010759634164
714,13.540735,10.89088,1198,Anápolis,319587,-48.96,-16.3196,666,0.08726741341152804
435,3.4128199,12.7364855,1123,Pachuca,319581,-98.73,20.1704,667,0.29159582389015
858,-1.6905352,7.081675,242,Windsor,319246,-83.0333,42.3333,668,0.3943122549989143
890,3.4289234,10.755493,883,Tepic,318781,-104.88,21.5054,669,0.2918994573912076
927,3.036307,6.000727,982,Mobile,318084,-88.1163,30.6782,670,0.3380777579992609
211,-2.447308,-0.124018125,2713,Iasi,318014,27.6,47.166667,671,0.5559202786653916
399,6.3755064,-9.471653,476,Hat Yai,317954,100.4714,6.9964,672,0.696262465153217
401,-6.9890146,6.932655,1134,New Delhi,317797,77.2,28.6,673,0.5049769885726141
537,-3.306968,-1.6676623,2215,Katowice,317316,19.027545,50.258415,674,0.5305106304991989
535,-5.747947,5.9702754,2127,Rohtak,317266,76.56666700000001,28.9,675,0.5051784028272996
751,-3.7380157,1.2976487,1928,Ostrava,317136,18.255282,49.811852,676,0.5304628475378771
336,-2.7547457,-0.27243915,628,Cluj-Napoca,316748,23.5984,46.7884,677,0.5294164611696907
903,0.87223214,-3.658625,2795,Calamba,316633,121.1655,14.2118,678,0.9185941647931511
972,1.4683535,6.3407726,1339,Lexington,315939,-84.4587,38.0423,679,0.39280860383630645
361,-0.4044095,14.176434,2276,Valladolid,315859,-4.72372,41.655181,680,0.5221068777826771
703,2.655387,18.12905,86,Armenia,315328,-75.6811,4.5343,681,0.1023577564750449
699,-3.6799295,-2.4412975,936,Gdynia,314664,18.53,54.5204,682,0.5449628593324055
586,-6.2391324,-0.43895292,2207,Bonn,314081,7.1,50.733333,683,0.5413821614713281
886,2.2334125,18.272785,1804,Soacha,313950,-74.216819,4.579368,684,0.10237348251294827
149,4.4228797,12.363659,2785,Coacalco,313419,-99.11027800000001,19.631667,685,0.29154683123360486
951,-6.331473,0.31278527,1050,Varna,312770,27.8953,43.2156,686,0.5521805058824455
990,0.60145634,18.18528,1042,Pucallpa,310750,-74.535,-8.3689,687,0.0825725862497573
720,0.9080849,16.447985,1004,Antofagasta,309832,-70.4,-23.65,688,0.020272072552680716
708,5.620508,4.6973524,559,Asheville,309250,-82.5537,35.5704,689,0.3398154851875844
203,4.772579,10.379964,2749,General Escobedo,308284,-100.333333,25.816667000000002,690,0.3063420086626275
843,2.4796803,18.411865,465,Valledupar,308237,-73.25,10.48,691,0.3157800507951024
162,16.819347,9.040254,838,Vitória da Conquista,308204,-40.84,-14.85,692,0.0881988787334975
11,2.6555023,-1.1393139,2195,Catania,307331,15.1,37.5,693,0.523426050423726
799,13.2963,11.537756,1201,Porto Velho,306180,-63.9,-8.75,694,0.08982289457082736
349,5.409867,16.576872,875,San Salvador de Jujuy,305891,-65.3,-24.1833,695,0.02691995265252896
574,1.3875971,-3.7421145,3042,Mandaluyong City,305576,121.0409,14.5832,696,0.9186504156210363
569,13.346131,11.312201,1092,Franca,305041,-47.39,-20.53,697,0.033264199251319626
127,-2.2833035,-0.06928448,533,Craiova,304142,23.8259,44.3263,698,0.5290493186694079
105,1.3911345,6.0505157,171,Fort Collins,303184,-105.0651,40.5475,699,0.3661396629426199
472,2.4855456,-1.4771292,2196,Bari,303049,16.85,41.133333,700,0.5247216340079198
324,1.1911665,8.847655,425,Antioch,302885,-121.7957,37.9789,701,0.36246279431128725
666,5.290063,4.6542077,732,Henderson,302539,-115.0362,36.0146,702,0.31006666025528196
853,-4.98457,2.6624708,3101,Hull,302296,-0.333333,53.716667,703,0.5411692551120209
813,-4.2216754,3.3953617,2332,Cardiff,302142,-3.2,51.5,704,0.5407132000128227
986,8.406864,-0.9627214,325,Batman,302074,41.14,37.8904,705,0.5530176149769946
781,-0.67773426,-1.9511858,313,Damietta,299459,31.82,31.4204,706,0.4962847235453264
182,0.9186782,-4.056289,3260,Angeles City,299391,120.59100000000001,15.1406,707,0.9186661416589398
623,2.7737372,-6.5480247,157,Jember,298585,113.6873,-8.1727,708,0.6779507037099538
488,-4.149433,6.4159255,1936,Hisar,296456,75.716667,29.166666999999997,709,0.5051681204179013
920,-2.6671698,-0.46262047,2753,Galati,294088,28.05,45.45,710,0.5556130160786641
553,13.602873,12.827099,1204,Blumenau,293949,-49.09,-26.92,711,0.028211907151052828
796,-5.142055,6.0447044,2125,Panipat,292828,76.968056,29.388889000000002,712,0.5052086452078831
536,13.890439,9.121708,1034,Ponta Grossa,292177,-50.16,-25.09,713,0.02911313009243886
497,-3.642768,-2.2444232,2165,Bialystok,291855,23.15,53.13333299999999,714,0.5442727282074917
702,2.3805544,5.794338,722,Lakeland,291281,-81.9545,28.0557,715,0.33463133630797387
868,16.4435,9.182195,2598,Paulista,289977,-34.883333,-7.95,716,0.19903055024801777
801,14.464198,8.8444395,672,Limeira,289665,-47.4,-22.5495,717,0.03289645190342519
417,-1.5317514,7.2307253,839,Victoria,289625,-123.35,48.4333,718,0.3686503853786558
625,1.5261238,1.0817087,2944,Safi,288163,-9.237181,32.299392,719,0.45992430936987583
551,0.5233147,16.580364,654,Talcahuano,288074,-73.1167,-36.7167,720,0.0036157790225541625
559,3.3597107,10.127541,235,Ciudad Obregón,288002,-109.925,27.4666,721,0.3065204387080697
297,2.8008552,6.174425,640,Shreveport,287432,-93.7959,32.4659,722,0.3378079959644567
344,-1.3581449,7.009057,1349,Springfield,287222,-93.2915,37.1943,723,0.3919987128842824
32,2.6989305,17.889563,870,Cuenca,286878,-79.0,-2.9,724,0.0971766318334927
705,-0.7863303,14.635692,2499,Vigo,286585,-8.722636999999999,42.232822999999996,725,0.515668274956466
503,3.1344476,6.999687,1054,Plano,286143,-96.7487,33.0502,726,0.3378321898689235
721,13.691511,11.644516,1107,Petrópolis,286071,-43.2,-22.5095,727,0.03341541115423675
896,14.232796,9.195186,2235,Viamão,285274,-51.033333,-30.083333000000003,728,0.02776190052797148
371,0.34402016,4.848174,894,Newark,285154,-74.1725,40.7245,729,0.39628768729862357
704,4.6384764,5.275958,254,Lincoln,285118,-96.6796,40.8088,730,0.39319268206971597
818,-0.92727494,-2.0570314,2852,Zagazig,285097,31.5102778,30.5913889,731,0.4962048836605861
429,-0.95081013,-2.247021,1714,Ismailia,284851,32.2666667,30.5833333,732,0.49662101881741405
100,-0.1551567,0.7859047,2625,Nantes,284677,-1.5523790000000002,47.216509,733,0.5271240887214671
431,1.0272343,-4.1256537,2211,Cainta,283177,121.1222,14.5786,734,0.9186522301638713
782,3.1147506,-6.781148,416,Kupang,282396,123.583,-10.1787,735,0.6815979348083148
385,4.986076,15.970762,1023,Bahía Blanca,281536,-62.265,-38.74,736,0.006958166924634173
636,2.2829227,18.028854,123,Ambato,281425,-78.62,-1.2696,737,0.09749357198200699
847,0.3672536,18.097208,197,Tacna,280098,-70.25,-18.0,738,0.02513504735049528
464,3.578603,5.425135,1402,Savannah,280082,-81.1785,32.0281,739,0.34002597215644503
110,4.353179,4.8361115,2799,Buffalo,279557,-78.87861109999999,42.8863889,740,0.39604574825395616
451,8.117957,-1.5939859,588,Rize,279450,40.5219,41.0208,741,0.5542436410858467
716,0.70623785,17.999966,163,Ica,279420,-75.7255,-14.068,742,0.07789167058305495
285,1.2648503,8.606775,864,Irvine,277453,-117.7738,33.6772,743,0.3087843833185448
835,-2.5878081,-0.34287015,1851,Brasov,276089,25.583333,45.633333,744,0.5557787443242612
652,-4.274141,-0.17710473,1133,Bern,275329,7.467,46.9167,745,0.5269244890096165
95,2.117345,18.796904,466,Montería,275198,-75.89,8.7575,746,0.10382814101901097
9,16.310802,8.841501,1978,Caucaia,275023,-38.65,-3.7,747,0.09459151314122163
41,4.620649,10.768849,834,Ciudad Victoria,274900,-99.13,23.72,748,0.3060232539712782
273,0.8184954,4.2108736,2566,Saint Paul,274792,-93.0930556,44.944444399999995,749,0.3971393127358528
712,-4.630833,3.5281658,3236,Belfast,274770,-5.9254,54.5968,750,0.5352508212318448
682,1.823178,1.065119,69,Sétif,274744,5.4,36.18,751,0.46851435515079154
628,16.403318,9.101466,749,Crato,273883,-39.42,-7.2296,752,0.09334008343267955
249,-0.05876554,0.41151145,2314,Strasbourg,273506,7.787355000000001,48.600381,753,0.5278801482360527
975,-5.017428,2.5954373,384,Blackpool,272792,-3.05,53.8304,754,0.5410476807420754
396,-5.1405463,-0.5841097,2631,Münster,272452,7.633333,51.966667,755,0.5415055503841085
428,-4.725518,-0.1235832,2292,Wiesbaden,272337,8.25,50.083333,756,0.5281777332609936
557,-4.878718,-0.5717362,2286,Gelsenkirchen,271647,7.05,51.516667,757,0.5414583722703983
440,3.7076752,-13.303719,1959,Kakogawa,271636,134.85,34.766667,758,0.9457887182613777
678,3.897778,-6.175801,1074,Tasikmalaya,271143,108.2147,-7.3254,759,0.6774480753446573
360,0.6089676,5.764636,296,Jersey City,270753,-74.0683,40.7161,760,0.39628768729862357
343,1.7190814,8.65892,305,Chula Vista,270471,-117.0145,32.6281,761,0.30870514828141626
902,0.66799927,-4.2322865,2553,San Pedro,270223,121.0473,14.3595,762,0.9185971890312096
820,-6.526868,-0.4118858,951,Kiel,269427,10.13,54.3304,763,0.5443193014735902
867,1.618015,6.854403,823,Eugene,267568,-123.1173,44.0563,764,0.3673312127376068
519,2.262759,15.491296,1166,Temuco,265901,-72.58,-38.73,765,0.0
915,3.1381,5.771406,641,Lafayette,265746,-92.0323,30.2084,766,0.3343035089024496
573,-0.8417474,0.4713797,1132,Lausanne,265702,6.65,46.5304,767,0.5269021096479848
445,-6.4195523,6.744589,976,Imphal,264986,93.95,24.8,768,0.927782404862007
563,-7.090354,-0.30812442,2201,Mönchengladbach,264969,6.433333,51.2,769,0.5413924438807265
552,3.260201,10.417799,195,Uruapan,264531,-102.07,19.4204,770,0.2913671914929393
247,8.484597,-1.301739,905,Sivas,264022,37.035,39.7454,771,0.5516754581267023
907,1.6026217,6.3273616,78,St. Petersburg,263255,-82.6652,27.793,772,0.33457508548008874
509,-4.6888995,-0.47221082,1114,Graz,263234,15.41,47.0778,773,0.5288128232532454
65,3.4087474,6.1332507,415,Lubbock,262505,-101.8871,33.5642,774,0.3112636536787739
350,5.181163,16.28968,1022,Paraná,262295,-60.5333,-31.7333,775,0.012161670927818091
700,-6.247937,-0.3202264,2826,Augsburg,261842,10.883333,48.366667,776,0.5295404549300826
593,13.404705,11.702755,1105,Cabo Frio,261721,-42.04,-22.89,777,0.03336762819291494
351,-2.3346736,7.3912234,3036,Markham,261573,-79.266667,43.866667,778,0.39942079792706625
355,7.3710957,-1.3741415,923,Balıkesir,261516,27.89,39.6504,779,0.5508885513839216
832,2.671616,18.330402,461,Sincelejo,261187,-75.38,9.2904,780,0.1038541494663127
955,16.59678,9.258371,292,Petrolina,260985,-40.51,-9.38,781,0.09286406836229646
626,14.362375,8.850095,1035,Uberaba,260843,-47.95,-19.78,782,0.034010581204118526
549,4.0235977,9.551845,311,Laredo,260244,-99.4874,27.5617,783,0.30727891761310194
957,-4.670908,6.983981,1869,Baranagar,260097,88.365278,22.643333,784,0.9138340140893203
542,4.6017227,5.2751613,867,Salem,259816,-123.0245,44.9232,785,0.3674122623175704
855,7.885632,-6.3633075,1547,Can Tho,259608,105.78333300000001,10.033333,786,0.6984895140593803
447,2.8085892,5.5577874,2,Columbus,259160,-84.8771,32.51,787,0.3385362324889056
743,2.4101238,-0.9740749,2179,Venice,259126,12.326667,45.438611,788,0.5283585826968824
953,6.1144633,-9.328531,495,Nonthaburi,258550,100.4833,13.8337,789,0.9093272945347785
871,15.663725,9.110524,832,Rio Branco,257642,-67.8,-9.9666,790,0.0797769805886256
68,14.941676,9.160435,980,Cascavel,257172,-53.46,-24.9596,791,0.02761915649161772
773,2.9898858,10.08217,892,Ensenada,256565,-116.62,31.87,792,0.3084801449698756
694,4.82155,5.207143,818,Montgomery,255908,-86.2666,32.3473,793,0.3384261502235819
852,4.753161,10.35688,2549,Santa Catarina,254483,-100.466667,25.683332999999998,794,0.3063268874723358
979,4.060664,-6.3974743,1073,Cirebon,254298,108.5666,-6.7333,795,0.6778859850155052
191,5.422595,4.522082,12,Chandler,253458,-111.8517,33.2827,796,0.3105850146584819
789,4.9566245,4.702385,866,Anchorage,253421,-149.1091,61.1508,797,0.37896969048133167
508,4.6461477,5.2001314,127,Tallahassee,253030,-84.2527,30.4551,798,0.33822776020695466
579,-4.9748993,3.1599162,2859,Wolverhampton,252791,-2.1333,52.5833,799,0.5409617923812186
96,2.1108053,18.546215,2762,Floridablanca,252271,-73.08644,7.062222,800,0.103953949322238
771,13.715909,11.90311,2277,Barueri,251999,-46.883333,-23.516667,801,0.02956918519163689
849,0.7085099,-3.7909005,2936,San Fernando,251248,120.6844,15.0343,802,0.9186691658969981
444,-6.236524,-0.26860067,2094,Aachen,251104,6.105278,50.770833,803,0.5413724839095414
792,6.0356364,-9.233207,496,Khon Kaen,251056,102.83,16.42,804,0.9114055509284713
744,14.885418,9.232907,184,Governador Valadares,250878,-41.97,-18.87,805,0.0346692602532255
461,-5.70353,6.0887775,2126,Sonipat,250538,77.016667,28.983333000000002,806,0.5051892900843097
996,1.1002487,5.1876645,1320,Concord,250186,-80.6363,35.3932,807,0.3412719582364821
895,14.347948,9.610983,2592,Praia Grande,250032,-46.4,-24.0,808,0.029553459153733513
170,-6.4459047,-0.41569123,829,Lucerne,250000,8.28,47.0504,809,0.5269571507806465
23,-2.4716613,1.5456514,2897,Tel Aviv,250000,34.766667,32.066666999999995,810,0.49676376285376783
825,7.568209,-6.4598637,141,Quảng Ngãi,250000,108.83,15.1504,811,0.9116976923249072
137,5.349196,4.9120755,257,Scottsdale,249950,-111.8651,33.6872,812,0.31060436978205525
513,0.8336847,16.846869,2560,San Bernardo,249856,-70.716667,-33.6,813,0.004068205036082184
226,14.381505,9.753939,1020,Santa Maria,249219,-53.8,-29.6833,814,0.026074375691416424
941,2.7785563,10.064678,825,Los Mochis,249047,-109.0,25.79,815,0.3056143769857903
492,-0.7173279,14.291898,2278,Granada,248942,-3.5992010000000003,37.178354,816,0.5208143184365415
548,3.7113152,-12.790869,3134,Fukui-shi,248707,136.221945,36.065278,817,0.9461540462188254
918,2.1154096,17.9411,2604,Palmira,247991,-76.303611,3.539444,818,0.10225251299061458
994,-3.1302366,0.72573614,377,Miskolc,247757,20.78,48.1004,819,0.5301942951982963
919,3.0758765,6.573822,1063,Killeen,247489,-97.7297,31.0755,820,0.3110386503672332
647,-5.1304717,3.0152624,282,Plymouth,247297,-4.16,50.3854,821,0.5273920362134362
658,6.2750573,-9.237323,485,Udon Thani,247231,102.7893,17.4048,822,0.914748543678163
224,2.8983192,-1.4030566,2282,Verona,247082,11.0,45.45,823,0.5283222918401823
395,-18.638002,15.806927,2029,Vanderbijlpark,246821,27.837949,-26.711710999999998,824,0.17521890947185312
696,5.1618485,4.6825223,81,Glendale,246709,-112.2258,33.5797,825,0.31060255523922026
600,-5.093613,-0.47482803,2788,Chemnitz,246654,12.916667,50.833333,826,0.5431277516786034
602,0.8690437,17.820948,5,Oruro,246501,-67.13,-17.98,827,0.025184040007040425
129,-3.4199042,-2.1700091,933,Rzeszów,245686,22.0,50.0705,828,0.5306231321549693
157,0.42432162,18.42547,196,Juliaca,245675,-70.14,-15.5,829,0.07816748109397578
5,-6.817853,0.011332325,3216,Braunschweig,244715,10.533333,52.266667,830,0.5433914652372908
30,5.286257,5.298099,97,Gilbert,242354,-111.7463,33.3103,831,0.31058682920131686
577,-1.7881502,6.4919534,3129,Gatineau,242124,-75.65,45.483333,832,0.399676648466802
637,16.221424,9.064566,288,Caruaru,242094,-35.98,-8.28,833,0.19880857117453543
326,4.347686,15.794752,1033,Neuquén,242092,-68.06,-38.95,834,0.00016754278843216845
778,4.375262,12.257568,70,Tehuacán,241429,-97.38,18.4504,835,0.2912982388652091
427,2.9715197,6.302336,1120,Irving,240373,-96.9702,32.8584,836,0.33777835843148496
155,-6.9722967,0.046376918,2089,Krefeld,239908,6.566667,51.333333,837,0.5413972826616198
516,0.42174277,14.675155,176,Hialeah,239673,-80.3046,25.8696,838,0.3353069510902076
333,-0.14329043,0.52978045,2637,Montpellier,238887,3.8772300000000004,43.61092,839,0.52307947274224
780,13.838218,9.048437,1610,Gravataí,238782,-50.9933,-29.9426,840,0.027763110223194817
379,2.9763327,7.28345,983,Garland,238002,-96.6305,32.91,841,0.3377789632790966
311,2.3815274,-1.2535233,2177,Messina,237956,15.566667,38.183333000000005,842,0.5235288745177097
143,-2.6650553,2.3412507,617,Aarhus,237551,10.2107,56.1572,843,0.5446441046410562
962,1.5903645,1.4659424,1877,Aryanah,237401,10.193371,36.860116999999995,844,0.4703978506135272
885,3.1965792,-6.5837398,158,Tegal,237084,109.12,-6.8696,845,0.6778847753202819
485,4.470657,10.194778,122,Monclova,236244,-101.42,26.9,846,0.30631600021532573
857,-1.2299888,14.120463,2082,A Coruña,236010,-8.406812,43.366609000000004,847,0.5157583972506047
576,-4.825936,2.829716,87,Luton,235958,-0.42,51.8804,848,0.5408583634396232
739,-0.5434108,14.483612,1103,Oviedo,235651,-5.83,43.3505,849,0.5158001317358099
648,-6.806783,0.055412553,20,Lübeck,235390,10.67,53.8704,850,0.5434948941788861
684,15.348682,9.041204,1194,Palmas,235315,-48.2878,-10.2377,851,0.08891562315332463
827,15.989604,9.209417,2812,Boa Vista,235159,-60.666667000000004,2.816667,852,0.10638362217831028
63,3.8249438,-6.086399,1071,Kediri,235143,112.0,-7.7896,853,0.6778545329396986
448,3.2107406,6.257965,398,McKinney,235134,-96.6669,33.2016,854,0.33783581895459347
561,-4.5872173,3.5852916,3158,Derby,235029,-1.5,52.9333,855,0.5410857861416105
653,1.0363166,8.61019,409,Fremont,234962,-121.9852,37.5265,856,0.36239081744549867
993,1.5240417,9.001127,1411,Visalia,234573,-119.3269,36.3276,857,0.30996141677085165
929,1.5791718,5.8939195,1439,York,234245,-76.7315,39.9651,858,0.3949818213050313
921,-18.762844,15.25091,3188,Centurion,233386,28.176102,-25.840795,859,0.17529814450898168
421,-2.2417245,-0.035948582,537,Ploieşti,232542,26.0365,44.9469,860,0.5555519264698855
156,-5.3915615,-0.22593516,2731,Halle,232452,12.0,51.5,861,0.5431906558302169
995,-2.9671106,0.6501638,381,Debrecen,231286,21.63,47.5305,862,0.5302293763597731
711,4.650553,12.405435,1529,Coatzacoalcos,230727,-94.416667,18.15,863,0.31774822492347166
959,16.4277,9.046812,291,Ilhéus,230622,-39.05,-14.78,864,0.08830835615120948
840,16.131338,9.218618,223,Santarém,230428,-54.7,-2.4333,865,0.1053644539526489
477,-1.5028428,13.867467,3147,Elche,230112,-0.7061029999999989,38.264987,866,0.5210223860149554
863,1.6920654,1.4054664,351,Tlemcen,229777,-1.32,34.8904,867,0.4677492229220309
368,-0.18427151,3.872451,1249,Arlington,229534,-77.1011,38.8786,868,0.3948923038585044
298,-2.8460867,1.189273,2252,Espoo,229528,24.666667,60.216667,869,0.5756721822720374
295,-2.0051932,6.6469584,3052,Longueuil,229330,-73.516667,45.533333,870,0.40010427572825163
354,14.461654,9.154865,2523,Sumaré,227982,-47.283333,-22.8,871,0.032892217970143516
458,3.9588904,9.444178,625,Brownsville,227883,-97.4565,25.998,872,0.3063916061667843
446,0.63427913,16.361355,996,Iquique,227499,-70.13,-20.25,873,0.023988861126383515
764,-4.0655184,7.981067,632,Puducherry,227411,79.83,11.935,874,0.4845809222595413
147,-3.4775128,-1.8983135,2529,Sosnowiec,227295,19.155039000000002,50.272242999999996,875,0.5305118401944222
532,-3.9047337,-1.9968096,2586,Radom,226794,21.158089999999998,51.400963,876,0.5438723190885673
584,6.2814155,-9.129807,493,Chon Buri,226618,101.0,13.4004,877,0.9101474678962009
713,16.645351,9.213049,780,Juazeiro do Norte,225230,-39.32,-7.21,878,0.09334008343267955
834,1.4889113,0.83918613,349,Skikda,225181,6.9,36.8804,879,0.46870185791040875
218,-7.040788,6.709423,2213,Karnal,225064,76.983333,29.683333,880,0.5052630814929333
958,0.50425994,17.996847,4,Sucre,224838,-65.2595,-19.041,881,0.031566392005366206
313,-6.4553494,-0.17659722,1813,Magdeburg,224428,11.666667,52.166667,882,0.5432142448870719
829,3.5882587,10.705253,880,Colima,223287,-103.72,19.23,883,0.29132424731251083
378,-1.2128737,13.692214,2099,Badalona,222413,2.244789,41.447145,884,0.5227123302419572
175,16.311691,8.677078,290,Itabuna,221938,-39.28,-14.7896,885,0.08830835615120948
923,14.084495,9.009456,2062,Embu,221737,-46.85,-23.65,886,0.02956555610596688
933,1.9751598,16.622774,703,Tapachula,221521,-92.27,14.9,887,0.3141687367576176
851,5.1672053,16.78196,402,Formosa,221383,-58.1828,-26.1728,888,0.02716552078286636
757,-6.4888153,-0.48862222,2618,Oberhausen,220916,6.85,51.466667,889,0.5414565577275633
470,-19.147846,15.215853,24,Polokwane,220045,29.45,-23.89,890,0.1757275863132663
987,3.5519397,-12.992074,2439,Takarazuka,219790,135.35,34.8,891,0.9458945665934196
966,1.8276021,1.1877049,724,Gabès,219517,10.1,33.9004,892,0.4699907881708743
51,-0.0150226895,0.5459687,2804,Bordeaux,219311,-0.5805,44.840439,893,0.5259736685640736
254,16.757103,8.7481575,289,Imperatriz,218106,-47.49,-5.52,894,0.09364734601940713
679,-6.717669,0.18772702,574,Potsdam,218095,13.07,52.4004,895,0.5434344094177193
246,3.0022178,-6.504987,2589,Purwokerto,217245,109.234444,-7.421389,896,0.6778188469306101
525,2.2726896,9.696648,896,San Bernardino,216995,-117.2945,34.1417,897,0.3096190730226473
706,-0.9288706,6.736354,3094,Jamaica,216866,-81.6525,31.2516667,898,0.33999814916630827
657,-1.3136733,1.6610996,1230,Groningen,216688,6.58,53.2204,899,0.5417668445523492
848,0.9299722,-3.630316,2545,Santa Rosa,216650,121.110739,14.305579000000002,900,0.9185977938788212
634,1.2163608,-4.3098855,3099,Imus,216099,120.93666699999999,14.429722,901,0.9185971890312096
649,3.307546,10.524541,1296,Zamora,214947,-102.28,19.9804,902,0.2914367489682812
558,-2.8988543,1.5540084,2133,Bergen,214154,5.324722,60.391110999999995,903,0.5466273999597171
939,2.148435,7.034062,49,Kalamazoo,214083,-85.5882,42.2749,904,0.3942699156660975
756,-6.7066813,-0.44914356,2758,Freiburg,213920,7.85,48.0,905,0.5278075665226525
335,-2.5075483,-0.42865428,531,Oradea,213830,21.92,47.05,906,0.5294025496746222
763,-2.3755493,-0.27868816,1847,Braila,213570,27.983333000000002,45.266667,907,0.5556081772977707
367,1.2759908,8.246018,893,Tacoma,213418,-122.4531,47.2431,908,0.36857598912242057
541,0.053696867,0.22584447,2583,Rennes,213334,-1.674291,48.111981,909,0.5272015092157606
811,2.1472082,17.726551,1419,Machala,213034,-79.96,-3.26,910,0.0839292594427297
498,3.6194081,-11.733011,2225,Chofu,212978,139.552222,35.655556,911,0.9465919558896734
277,0.43443453,16.38859,2210,Rancagua,212696,-70.74444,-34.17083,912,0.004045220826838782
697,0.76427674,-4.3111153,3056,Lipa City,212287,121.1631,13.9411,913,0.9185796484504711
952,14.284813,8.535782,414,Marília,212218,-49.95,-22.21,914,0.0328117732377916
572,2.2853477,9.597716,897,Fontana,211815,-117.4599,34.0968,915,0.3096172584798123
567,7.9528155,-6.217265,1543,Qui Nhon,210346,109.233333,13.766667000000002,916,0.9116045457927102
598,4.8215346,16.998125,1614,Luque,209836,-57.566667,-25.266667,917,0.027252013991334954
686,13.682922,8.964479,339,Presidente Prudente,209502,-51.39,-22.12,918,0.03279967628555824
909,-1.133381,-1.8669837,2392,Sohag,209440,31.7,26.55,919,0.4916425181257708
888,14.888346,9.101306,2521,São Leopoldo,209233,-51.15,-29.766667,920,0.027767949004088164
538,-1.2041538,14.067959,855,Santander,208763,-3.8,43.3805,921,0.5224455924452114
791,-3.6936893,-2.2389758,2160,Kielce,208598,20.666667,50.833333,922,0.5437477204805635
392,-0.5910891,13.930661,2683,La Romana,208439,-68.9666667,18.4166667,923,0.3209853693411214
225,-1.2690843,14.204493,3093,Jerez de la Frontera,207532,-6.136063,36.686454,924,0.46129549890552823
830,3.2225466,6.37288,397,College Station,207308,-96.296,30.5852,925,0.3374475067879023
165,1.1483986,9.184007,66,Moreno Valley,207226,-117.2045,33.9244,926,0.30961483908936566
213,-1.141111,1.9767073,2358,Tilburg,206858,5.106331,51.576921999999996,927,0.5413416366813463
595,-6.3934574,-0.13836898,830,Salzburg,206279,13.04,47.8105,928,0.5295180755684509
66,3.421476,6.289701,651,Amarillo,206072,-101.831,35.1989,929,0.3121890705246267
408,2.48255,-1.2953938,2283,Padova,205247,11.883333,45.416667,930,0.5283501148303191
866,4.550563,12.636256,88,Campeche,205212,-90.5,19.83,931,0.3182133527368447
483,14.724874,9.24838,355,São Carlos,205035,-47.89,-22.02,932,0.03286379013239509
422,2.7550268,-1.0799949,2183,Trieste,204379,13.78,45.648610999999995,933,0.5286755228453968
753,13.70411,9.348344,82,Criciúma,204217,-49.39,-28.68,934,0.027897991240596887
900,6.2208414,-9.572103,482,Lampang,204081,99.4813,18.2916,935,0.9131257375360565
934,-1.7141564,6.9848847,816,Santa Barbara,204034,-119.7202,34.4285,936,0.3095960888134039
481,1.7848294,17.390127,17,Colón,204000,-79.875,9.365,937,0.10369749393489057
828,3.6469553,-8.808223,59,Sibu,203832,111.843,2.303,938,0.6939579957527601
904,15.014363,8.717745,1958,Hortolândia,203537,-47.25,-22.85,939,0.032891008274920176
514,-4.693492,6.7795324,513,Agartala,203264,91.28,23.8354,940,0.9272725183253705
807,7.80884,-1.4444457,360,Glendale,203054,-118.2468,34.1818,941,0.3095900403372872
981,8.252516,-1.4547145,2989,Osmaniye,202837,36.2478,37.0742,942,0.49842588409063276
39,-1.758494,7.4216547,3206,Burnaby,202799,-122.95,49.25,943,0.3688844614043715
140,-3.120241,1.0498351,2317,Tampere,202688,23.75,61.5,944,0.5501657584879778
88,-1.2762414,-0.7043481,2831,Ashdod,202681,34.655944,31.736056,945,0.49675771437765115
964,-18.907764,15.476014,2028,Alberton,202503,28.140595,-26.265207,946,0.1752400791382615
587,-0.99362993,13.81864,2757,Fuenlabrada,202088,-3.794146999999999,40.284189000000005,947,0.5212250099648644
749,-1.2041167,1.8731688,79,Yonkers,202019,-73.8674,40.9466,948,0.39630280848891525
932,1.6636859,8.711592,510,Huntington Beach,201874,-118.0025,33.696,949,0.3087583748712431
730,14.48438,9.147355,2061,Itapevi,201752,-46.933333000000005,-23.55,950,0.029568580344025226
944,14.309494,8.912293,661,Sete Lagoas,201334,-44.25,-19.4496,951,0.03418114823060904
889,-1.1095545,13.662407,226,Cartagena,201274,-0.98,37.6004,952,0.5209588770157303
673,1.3213933,5.2693954,1355,Aurora,200965,-88.2901,41.7637,953,0.3939118458799898
954,4.5598445,16.830606,579,Rivera,200000,-55.56,-30.8996,954,0.012715106492494748
802,3.9671454,-9.258631,180,Zhubei,200000,121.0119,24.8333,955,0.937234963337162
531,-0.15673429,4.2559776,1178,Gainesville,199695,-82.3458,29.6804,956,0.33493859889470146
946,3.3666983,-8.673116,55,Batu Pahat,199619,102.9333,1.8504,957,0.6933071797226048
983,-6.529866,-0.031891398,2732,Hagen,199497,7.466667,51.35,958,0.5414069602234065
880,-5.006354,2.5559673,3152,Dudley,199059,-2.0833,52.5,959,0.5409605826859952
490,-1.29864,7.1855984,840,Saskatoon,198958,-106.67,52.17,960,0.3847853002675241
810,-3.369705,-2.0480118,2166,Gliwice,198835,18.676582999999997,50.297612,961,0.5304852268995088
291,4.7753973,16.8655,1617,Capiatá,198801,-57.416667000000004,-25.35,962,0.027252013991334954
978,0.5702484,-3.6280153,3044,Malolos,198748,120.8104,14.8443,963,0.9186546495543181
0,-1.2716024,13.836501,2086,Sabadell,198589,2.109423,41.54329,964,0.5227123302419572
854,7.700402,-6.3696613,139,Thanh Hóa,197551,105.8,19.82,965,0.9152487526530129
846,4.766849,12.655444,1327,Salamanca,197524,-101.2,20.5704,966,0.29228535016745205
159,0.6107527,16.501396,966,Talca,197479,-71.67,-35.455,967,0.0037440067162278798
603,-6.9265447,7.0482817,2734,Gurgaon,197353,77.033333,28.466666999999998,968,0.5049727546393324
432,-4.8653073,3.3849697,2997,Northampton,197322,-0.8833,52.25,969,0.5408619925252932
478,-2.4364889,7.155964,396,Cartago,196946,-83.93,9.87,970,0.10203960663130728
930,-6.738731,-0.24727662,2255,Rostock,196833,12.133333,54.083332999999996,971,0.5443537777874553
938,-6.896302,-0.4737963,1830,Erfurt,196719,11.033333,50.983333,972,0.5430902511266799
928,4.6311464,10.339349,2638,Monclova,195772,-101.416667,26.9,973,0.30631600021532573
193,-0.4955895,14.525855,2275,Alcalá de Henares,195152,-3.359957,40.482048,974,0.5212286390505344
502,-1.381276,14.204113,1682,Santa Cruz de Tenerife,193852,-16.280616000000002,28.460238,975,0.4553782747205755
767,2.871999,6.5275435,1,Grand Prairie,193837,-97.0209,32.687,976,0.33777351965059166
881,14.509682,8.967603,626,Divinópolis,193832,-44.9,-20.1495,977,0.03332407916487481
671,2.9607806,-1.1564734,2295,Brescia,193713,10.25,45.55,978,0.5285200770091979
650,1.3178147,8.994841,1062,Salinas,193590,-121.6317,36.6884,979,0.30953923313790704
171,-6.787509,-0.29411444,2095,Kassel,193117,9.5,51.316666999999995,980,0.5430975092980199
547,-4.7544456,3.3202672,942,Oxford,192796,-1.25,51.7704,981,0.5408359840779915
496,4.585285,10.787555,587,Ciudad Madero,192736,-97.8361,22.3189,982,0.2927474537427668
950,0.29242784,0.95667446,1536,Reims,192688,4.033333,49.25,983,0.5279430523876661
618,-3.4122117,-2.0814564,2167,Zabrze,192177,18.783333,50.306354999999996,984,0.5304858317471205
61,-1.3137951,13.984188,1643,Leganés,192000,-3.760422,40.326946,985,0.5212250099648644
387,2.7124715,18.62913,1048,Barrancabermeja,191403,-73.85,7.09,986,0.10394487660806298
571,2.8037646,-1.0442966,2190,Taranto,191364,17.229722,40.476110999999996,987,0.5242843291846836
79,-5.0985913,3.1035879,941,Norwich,190756,1.3,52.6304,988,0.541114213979359
715,-5.3232646,2.849294,2969,Preston,190687,-2.7167,53.7667,989,0.5410543340658038
462,-2.8087866,1.3112566,2875,Vantaa,190058,24.85,60.3,990,0.5756854889194942
312,2.906183,10.3652,858,La Paz,189767,-110.32,24.14,991,0.3052944125992177
243,-0.33467358,0.37120312,2316,Lille,189746,3.058585,50.632971000000005,992,0.5412242962446826
251,-4.7367983,2.399868,994,Aberdeen,189364,-2.08,57.1704,993,0.5422960862125592
527,-3.713166,-2.2933133,2168,Bytom,189186,18.932822,50.348017,994,0.5305118401944222
269,-5.045509,2.7574835,2056,Cork,188908,-8.495833300000001,51.898611100000004,995,0.5340429405513428
844,16.157425,8.833986,2793,Camaçari,188763,-38.216667,-12.483333,996,0.0892712735489857
913,0.3501529,0.84777194,2674,Le Havre,188605,0.13333299999999998,49.5,997,0.5274924409169732
